[Licensing::Module] Trying to connect to existing licensing client channel...
Built from '6000.3/staging' branch; Version is '6000.3.2f1 (a9779f353c9b) revision 11106207'; Using compiler version '194234433'; Build Type 'Release'
OS: 'Windows 10  (10.0.19045) 64bit Professional' Language: 'es' Physical Memory: 16311 MB
BatchMode: 1, IsHumanControllingUs: 0, StartBugReporterOnCrash: 0, Is64bit: 1
Date: 2026-01-28T03:35:01Z
[Licensing::IpcConnector] Successfully connected to: "LicenseClient-User" at "2026-01-28T03:35:01.301692Z"

COMMAND LINE ARGUMENTS:
E:\versionesUnity\6000.3.2f1\Editor\Unity.exe
-adb2
-batchMode
-noUpm
-name
AssetImportWorker1
-projectPath
C:/Users/User/Desktop/juegos unity/Cannons
-logFile
Logs/AssetImportWorker1.log
-srvPort
57276
-licensingIpc
LicenseClient-User
-job-worker-count
3
-background-job-worker-count
8
-gc-helper-count
1
-name
AssetImport
Successfully changed project path to: C:/Users/User/Desktop/juegos unity/Cannons
C:/Users/User/Desktop/juegos unity/Cannons
[UnityMemory] Configuration Parameters - Can be set up in boot.config
    "memorysetup-temp-allocator-size-nav-mesh-worker=65536"
    "memorysetup-temp-allocator-size-audio-worker=65536"
    "memorysetup-temp-allocator-size-gfx=262144"
    "memorysetup-allocator-temp-initial-block-size-main=262144"
    "memorysetup-allocator-temp-initial-block-size-worker=262144"
    "memorysetup-temp-allocator-size-background-worker=32768"
    "memorysetup-temp-allocator-size-job-worker=262144"
    "memorysetup-temp-allocator-size-preload-manager=33554432"
    "memorysetup-temp-allocator-size-gi-baking-worker=262144"
    "memorysetup-temp-allocator-size-gi-baking-worker=262144"
    "memorysetup-temp-allocator-size-gi-baking-worker=262144"
    "memorysetup-temp-allocator-size-gi-baking-worker=262144"
    "memorysetup-temp-allocator-size-gi-baking-worker=262144"
    "memorysetup-bucket-allocator-granularity=16"
    "memorysetup-bucket-allocator-bucket-count=8"
    "memorysetup-bucket-allocator-block-size=33554432"
    "memorysetup-bucket-allocator-block-count=8"
    "memorysetup-main-allocator-block-size=16777216"
    "memorysetup-thread-allocator-block-size=16777216"
    "memorysetup-gfx-main-allocator-block-size=16777216"
    "memorysetup-gfx-thread-allocator-block-size=16777216"
    "memorysetup-cache-allocator-block-size=4194304"
    "memorysetup-typetree-allocator-block-size=2097152"
    "memorysetup-profiler-bucket-allocator-granularity=16"
    "memorysetup-profiler-bucket-allocator-bucket-count=8"
    "memorysetup-profiler-bucket-allocator-block-size=33554432"
    "memorysetup-profiler-bucket-allocator-block-count=8"
    "memorysetup-profiler-allocator-block-size=16777216"
    "memorysetup-profiler-editor-allocator-block-size=1048576"
    "memorysetup-temp-allocator-size-main=16777216"
    "memorysetup-job-temp-allocator-block-size=2097152"
    "memorysetup-job-temp-allocator-block-size-background=1048576"
    "memorysetup-job-temp-allocator-reduction-small-platforms=262144"
    "memorysetup-temp-allocator-size-cloud-worker=32768"
Player connection [39980]  Target information:

Player connection [39980]  * "[IP] 192.168.100.2 [Port] 0 [Flags] 2 [Guid] 2391412518 [EditorId] 2391412518 [Version] 1048832 [Id] WindowsEditor(7,DESKTOP-SFTAVVG) [Debug] 1 [PackageName] WindowsEditor [ProjectName] Editor" 

Player connection [39980] Host joined multi-casting on [225.0.0.222:54997]...
Player connection [39980] Host joined alternative multi-casting on [225.0.0.222:34997]...
JobSystem: Creating JobQueue using job-worker-count value 3
Input System module state changed to: Initialized.
[Physics::Module] Initialized fallback backend.
[Physics::Module] Id: 0xdecafbad
Library Redirect Path: Library/
[Physics::Module] Selected backend.
[Physics::Module] Name: PhysX
[Physics::Module] Id: 0xf2b8ea05
[Physics::Module] SDK Version: 4.1.2
[Physics::Module] Integration Version: 1.0.0
[Physics::Module] Threading Mode: Multi-Threaded
Refreshing native plugins compatible for Editor in 1.30 ms, found 2 plugins.
Preloading 0 native plugins for Editor in 0.00 ms.
Initialize engine version: 6000.3.2f1 (a9779f353c9b)
[Subsystems] Discovering subsystems at path E:/versionesUnity/6000.3.2f1/Editor/Data/Resources/UnitySubsystems
[Subsystems] Discovering subsystems at path C:/Users/User/Desktop/juegos unity/Cannons/Assets
GfxDevice: creating device client; kGfxThreadingModeNonThreaded
Direct3D:
    Version:  Direct3D 11.0 [level 11.1]
    Renderer: NVIDIA GeForce GT 1030 (ID=0x1d01)
    Vendor:   NVIDIA
    VRAM:     1967 MB
    Driver:   32.0.15.7688
Initialize mono
Mono path[0] = 'E:/versionesUnity/6000.3.2f1/Editor/Data/Managed'
Mono path[1] = 'E:/versionesUnity/6000.3.2f1/Editor/Data/MonoBleedingEdge/lib/mono/unityjit-win32'
Mono config path = 'E:/versionesUnity/6000.3.2f1/Editor/Data/MonoBleedingEdge/etc'
Using monoOptions --debugger-agent=transport=dt_socket,embedding=1,server=y,suspend=n,address=127.0.0.1:56768
Begin MonoManager ReloadAssembly
Registering precompiled unity dll's ...
Register platform support module: E:/versionesUnity/6000.3.2f1/Editor/Data/PlaybackEngines/WindowsStandaloneSupport/UnityEditor.WindowsStandalone.Extensions.dll
[Licensing::Module] Licensing is not yet initialized.
[Licensing::Client] Handshaking with LicensingClient:
  Version:                 1.17.4+4293ba1
  Session Id:              3ae2fce3d684477782c6ae55f981cd56
  Correlation Id:          9cdee449a7fc0bc7fb21a58abb9825d7
  External correlation Id: 6483111793177696397
  Machine Id:              lBJT4iwfeci4h6Y4ZX8rp4w7Mys=
[Licensing::Module] Successfully connected to LicensingClient on channel: "LicenseClient-User" (connect: 0.00s, validation: 0.00s, handshake: 1.29s)
[Licensing::IpcConnector] Successfully connected to: "LicenseClient-User-notifications" at "2026-01-28T03:35:02.5921866Z"
[Licensing::Module] Licensing Background thread has ended after 1.29s
[Licensing::Module] Licensing is initialized (took 0.07s).
[Licensing::Client] Successfully resolved entitlement details
[Licensing::Module] License group:
  Id: F4-8EMQ-W5QE-CAWU-6P63-XXXX
  Product: Unity Personal
  Type: ULF
  Expiration: Unlimited
[Licensing::Module] License group:
  Id: 4673051777600-UnityPersXXXX
  Product: Unity Personal
  Type: Assigned
  Expiration: Unlimited
Register platform support module: E:/versionesUnity/6000.3.2f1/Editor/Data/PlaybackEngines/AndroidPlayer/UnityEditor.Android.Extensions.dll
Registered in 0.077045 seconds.
- Loaded All Assemblies, in  0.827 seconds
Native extension for Android target not found
Android Extension - Scanning For ADB Devices 378 ms
Native extension for WindowsStandalone target not found
Mono: successfully reloaded assembly
- Finished resetting the current domain, in  1.247 seconds
Domain Reload Profiling: 2072ms
	BeginReloadAssembly (249ms)
		ExecutionOrderSort (0ms)
		DisableScriptedObjects (0ms)
		BackupInstance (0ms)
		ReleaseScriptingObjects (0ms)
		CreateAndSetChildDomain (2ms)
	RebuildCommonClasses (71ms)
	RebuildNativeTypeToScriptingClass (30ms)
	initialDomainReloadingComplete (170ms)
	LoadAllAssembliesAndSetupDomain (303ms)
		LoadAssemblies (245ms)
		RebuildTransferFunctionScriptingTraits (0ms)
		AnalyzeDomain (296ms)
			TypeCache.Refresh (294ms)
				TypeCache.ScanAssembly (273ms)
			BuildScriptInfoCaches (0ms)
			ResolveRequiredComponents (1ms)
	FinalizeReload (1248ms)
		ReleaseScriptCaches (0ms)
		RebuildScriptCaches (0ms)
		SetupLoadedEditorAssemblies (1187ms)
			LogAssemblyErrors (0ms)
			InitializePlatformSupportModulesInManaged (513ms)
			SetLoadedEditorAssemblies (7ms)
			BeforeProcessingInitializeOnLoad (257ms)
			ProcessInitializeOnLoadAttributes (281ms)
			ProcessInitializeOnLoadMethodAttributes (129ms)
			AfterProcessingInitializeOnLoad (0ms)
			EditorAssembliesLoaded (0ms)
		ExecutionOrderSort2 (0ms)
		AwakeInstancesAfterBackupRestoration (0ms)
========================================================================
Worker process is ready to serve import requests
Import Worker Mode flag is 0x00
Begin MonoManager ReloadAssembly
[Licensing::Client] Successfully resolved entitlement details
[Licensing::Module] License group:
  Id: F4-8EMQ-W5QE-CAWU-6P63-XXXX
  Product: Unity Personal
  Type: ULF
  Expiration: Unlimited
[Licensing::Module] License group:
  Id: 4673051777600-UnityPersXXXX
  Product: Unity Personal
  Type: Assigned
  Expiration: Unlimited
- Loaded All Assemblies, in  1.013 seconds
Refreshing native plugins compatible for Editor in 0.43 ms, found 2 plugins.
Native extension for Android target not found
Native extension for WindowsStandalone target not found
Package Manager log level set to [2]
[Package Manager] Failed to launch server process. Reason: Unity was launched with the -noUpm command-line argument
[Package Manager] Unable to send message (not connected to server process).
[Package Manager] Cannot connect to Unity Package Manager local server
Mono: successfully reloaded assembly
- Finished resetting the current domain, in  1.203 seconds
Domain Reload Profiling: 2213ms
	BeginReloadAssembly (403ms)
		ExecutionOrderSort (0ms)
		DisableScriptedObjects (29ms)
		BackupInstance (0ms)
		ReleaseScriptingObjects (0ms)
		CreateAndSetChildDomain (86ms)
	RebuildCommonClasses (60ms)
	RebuildNativeTypeToScriptingClass (19ms)
	initialDomainReloadingComplete (50ms)
	LoadAllAssembliesAndSetupDomain (478ms)
		LoadAssemblies (476ms)
		RebuildTransferFunctionScriptingTraits (0ms)
		AnalyzeDomain (204ms)
			TypeCache.Refresh (166ms)
				TypeCache.ScanAssembly (149ms)
			BuildScriptInfoCaches (28ms)
			ResolveRequiredComponents (5ms)
	FinalizeReload (1204ms)
		ReleaseScriptCaches (0ms)
		RebuildScriptCaches (0ms)
		SetupLoadedEditorAssemblies (1045ms)
			LogAssemblyErrors (0ms)
			InitializePlatformSupportModulesInManaged (15ms)
			SetLoadedEditorAssemblies (7ms)
			BeforeProcessingInitializeOnLoad (248ms)
			ProcessInitializeOnLoadAttributes (708ms)
			ProcessInitializeOnLoadMethodAttributes (62ms)
			AfterProcessingInitializeOnLoad (5ms)
			EditorAssembliesLoaded (0ms)
		ExecutionOrderSort2 (0ms)
		AwakeInstancesAfterBackupRestoration (6ms)
Launched and connected shader compiler UnityShaderCompiler.exe after 0.04 seconds
Refreshing native plugins compatible for Editor in 1.01 ms, found 2 plugins.
Preloading 0 native plugins for Editor in 0.00 ms.
Unloading 0 Unused Serialized files (Serialized files now loaded: 0)
Unloading 2015 unused Assets / (0.8 MB). Loaded Objects now: 2633.
Memory consumption went from 101.7 MB to 100.9 MB.
Total: 14.358700 ms (FindLiveObjects: 0.670200 ms CreateObjectMapping: 0.237600 ms MarkObjects: 11.890700 ms  DeleteObjects: 1.557700 ms)

========================================================================
Received Import Request.
  Time since last request: 707127.879698 seconds.
  path: Assets/Makaka Games/Mobile Game Icon Pack/Sprites/128x128/button_score_20.png
  artifactKey: Guid(80622d841b22c4da4b10fb077b836669) Importer(2089858483,d624ce77472d68a35037170ec1d2d27e)
Start importing Assets/Makaka Games/Mobile Game Icon Pack/Sprites/128x128/button_score_20.png using Guid(80622d841b22c4da4b10fb077b836669) Importer(2089858483,d624ce77472d68a35037170ec1d2d27e) (ScriptedImporter) -> (artifact id: 'e955baaa7f787b78b6c42976c65cf96f') in 0.3242372 seconds
Number of updated asset objects reloaded before import = 0Number of asset objects unloaded after import = 3

========================================================================
Received Import Request.
  Time since last request: 0.000034 seconds.
  path: Assets/StoneUI/Buttons_512x512/Rock_Red/button_rock_red32.png
  artifactKey: Guid(e750348e9d60a7f4daf8425596834119) Importer(2089858483,d624ce77472d68a35037170ec1d2d27e)
Start importing Assets/StoneUI/Buttons_512x512/Rock_Red/button_rock_red32.png using Guid(e750348e9d60a7f4daf8425596834119) Importer(2089858483,d624ce77472d68a35037170ec1d2d27e) (ScriptedImporter) -> (artifact id: 'e9c0a71cebf2a1c7a145734c5e129359') in 0.0466952 seconds
Number of updated asset objects reloaded before import = 0Number of asset objects unloaded after import = 3

========================================================================
Received Import Request.
  Time since last request: 0.000033 seconds.
  path: Assets/Makaka Games/Mobile Game Icon Pack/Sprites/128x128/button_score_450.png
  artifactKey: Guid(e4d7f4022909e4bf0b58ea6f7e20219e) Importer(2089858483,d624ce77472d68a35037170ec1d2d27e)
Start importing Assets/Makaka Games/Mobile Game Icon Pack/Sprites/128x128/button_score_450.png using Guid(e4d7f4022909e4bf0b58ea6f7e20219e) Importer(2089858483,d624ce77472d68a35037170ec1d2d27e) (ScriptedImporter) -> (artifact id: '65b66395cbd36af43f12197776753ea3') in 0.0418651 seconds
Number of updated asset objects reloaded before import = 0Number of asset objects unloaded after import = 3

========================================================================
Received Import Request.
  Time since last request: 0.000024 seconds.
  path: Assets/Hovl Studio/Magic effects pack/Prefabs/Magic shields/Magic shield yellow.prefab
  artifactKey: Guid(d2ffbc8b168cdf74a9dbb7c6c1cfdf2f) Importer(2089858483,d624ce77472d68a35037170ec1d2d27e)
Start importing Assets/Hovl Studio/Magic effects pack/Prefabs/Magic shields/Magic shield yellow.prefab using Guid(d2ffbc8b168cdf74a9dbb7c6c1cfdf2f) Importer(2089858483,d624ce77472d68a35037170ec1d2d27e) (ScriptedImporter) -> (artifact id: '36eaabda66f9b148ff34075be0fe166d') in 0.1832716 seconds
Number of updated asset objects reloaded before import = 0Number of asset objects unloaded after import = 18

========================================================================
Received Import Request.
  Time since last request: 0.000030 seconds.
  path: Assets/Makaka Games/Mobile Game Icon Pack/Sprites/128x128/button_minus_one.png
  artifactKey: Guid(7d02f6fbec24b4784a23419adc286872) Importer(2089858483,d624ce77472d68a35037170ec1d2d27e)
Start importing Assets/Makaka Games/Mobile Game Icon Pack/Sprites/128x128/button_minus_one.png using Guid(7d02f6fbec24b4784a23419adc286872) Importer(2089858483,d624ce77472d68a35037170ec1d2d27e) (ScriptedImporter) -> (artifact id: '687831184f98cfaa83f19e77195b9cb5') in 0.0450016 seconds
Number of updated asset objects reloaded before import = 0Number of asset objects unloaded after import = 3

========================================================================
Received Import Request.
  Time since last request: 0.000032 seconds.
  path: Assets/Hovl Studio/Magic effects pack/Prefabs/Character auras/Buff.prefab
  artifactKey: Guid(97c43495f80a3244fad1301dfafbe252) Importer(2089858483,d624ce77472d68a35037170ec1d2d27e)
Start importing Assets/Hovl Studio/Magic effects pack/Prefabs/Character auras/Buff.prefab using Guid(97c43495f80a3244fad1301dfafbe252) Importer(2089858483,d624ce77472d68a35037170ec1d2d27e) (ScriptedImporter) -> (artifact id: 'b4ecdc26423fa4870365de2a2962e507') in 0.0728706 seconds
Number of updated asset objects reloaded before import = 0Number of asset objects unloaded after import = 18

========================================================================
Received Import Request.
  Time since last request: 0.000021 seconds.
  path: Assets/Makaka Games/Mobile Game Icon Pack/Sprites/128x128/button_score_250.png
  artifactKey: Guid(3ba32605ca92341699d3e8e4f8fe995d) Importer(2089858483,d624ce77472d68a35037170ec1d2d27e)
Start importing Assets/Makaka Games/Mobile Game Icon Pack/Sprites/128x128/button_score_250.png using Guid(3ba32605ca92341699d3e8e4f8fe995d) Importer(2089858483,d624ce77472d68a35037170ec1d2d27e) (ScriptedImporter) -> (artifact id: '8ec1feb9a50198ec632391f737e65ba7') in 0.0471342 seconds
Number of updated asset objects reloaded before import = 0Number of asset objects unloaded after import = 3

========================================================================
Received Import Request.
  Time since last request: 0.000023 seconds.
  path: Assets/Hovl Studio/Magic effects pack/Textures/MagicCircle2.png
  artifactKey: Guid(5a6bd793e147ac64e98bf339553fd728) Importer(2089858483,d624ce77472d68a35037170ec1d2d27e)
Start importing Assets/Hovl Studio/Magic effects pack/Textures/MagicCircle2.png using Guid(5a6bd793e147ac64e98bf339553fd728) Importer(2089858483,d624ce77472d68a35037170ec1d2d27e) (ScriptedImporter) -> (artifact id: '4c7400bb7ee43a0f6beffe8bc51072b7') in 0.0730868 seconds
Number of updated asset objects reloaded before import = 0Number of asset objects unloaded after import = 1

========================================================================
Received Import Request.
  Time since last request: 0.000033 seconds.
  path: Assets/Makaka Games/Mobile Game Icon Pack/Sprites/128x128/button_score_75.png
  artifactKey: Guid(00839996ef2fb4b71b68b291928e5f3e) Importer(2089858483,d624ce77472d68a35037170ec1d2d27e)
Start importing Assets/Makaka Games/Mobile Game Icon Pack/Sprites/128x128/button_score_75.png using Guid(00839996ef2fb4b71b68b291928e5f3e) Importer(2089858483,d624ce77472d68a35037170ec1d2d27e) (ScriptedImporter) -> (artifact id: '4f1e6227a336cb3c4839fc28132cb96b') in 0.0423778 seconds
Number of updated asset objects reloaded before import = 0Number of asset objects unloaded after import = 3

========================================================================
Received Import Request.
  Time since last request: 0.000026 seconds.
  path: Assets/Hovl Studio/Magic effects pack/Textures/Concrete slab_Height.png
  artifactKey: Guid(db368c1c85b12fe48aba6cc9bcd41f43) Importer(2089858483,d624ce77472d68a35037170ec1d2d27e)
Start importing Assets/Hovl Studio/Magic effects pack/Textures/Concrete slab_Height.png using Guid(db368c1c85b12fe48aba6cc9bcd41f43) Importer(2089858483,d624ce77472d68a35037170ec1d2d27e) (ScriptedImporter) -> (artifact id: 'efaeb857eff07bcf6c723ce8efe532a2') in 0.0662304 seconds
Number of updated asset objects reloaded before import = 0Number of asset objects unloaded after import = 1

========================================================================
Received Import Request.
  Time since last request: 0.000039 seconds.
  path: Assets/Hovl Studio/Magic effects pack/Prefabs/Magic circles/Magic circle 2.prefab
  artifactKey: Guid(48c5715f9603c3842a353516a8baefbb) Importer(2089858483,d624ce77472d68a35037170ec1d2d27e)
Start importing Assets/Hovl Studio/Magic effects pack/Prefabs/Magic circles/Magic circle 2.prefab using Guid(48c5715f9603c3842a353516a8baefbb) Importer(2089858483,d624ce77472d68a35037170ec1d2d27e) (ScriptedImporter) -> (artifact id: '5b1eb8a4b6e9cf03a40762246fd44407') in 0.0939214 seconds
Number of updated asset objects reloaded before import = 0Number of asset objects unloaded after import = 24

========================================================================
Received Import Request.
  Time since last request: 0.000036 seconds.
  path: Assets/Makaka Games/Mobile Game Icon Pack/Sprites/64x64/button_restore_purchases.png
  artifactKey: Guid(b34bb978124ee41e287d31490adaeb68) Importer(2089858483,d624ce77472d68a35037170ec1d2d27e)
Start importing Assets/Makaka Games/Mobile Game Icon Pack/Sprites/64x64/button_restore_purchases.png using Guid(b34bb978124ee41e287d31490adaeb68) Importer(2089858483,d624ce77472d68a35037170ec1d2d27e) (ScriptedImporter) -> (artifact id: '2cd004d21744cd115bc1ffd7e8ad0fbc') in 0.0532135 seconds
Number of updated asset objects reloaded before import = 0Number of asset objects unloaded after import = 3

========================================================================
Received Import Request.
  Time since last request: 0.000035 seconds.
  path: Assets/Makaka Games/Mobile Game Icon Pack/Sprites/64x64/button_restart.png
  artifactKey: Guid(6b22d3f5734df41e5a28726d85c3a4a1) Importer(2089858483,d624ce77472d68a35037170ec1d2d27e)
Start importing Assets/Makaka Games/Mobile Game Icon Pack/Sprites/64x64/button_restart.png using Guid(6b22d3f5734df41e5a28726d85c3a4a1) Importer(2089858483,d624ce77472d68a35037170ec1d2d27e) (ScriptedImporter) -> (artifact id: '2c957788645b67be8e94ddd6e2cb3302') in 0.0523816 seconds
Number of updated asset objects reloaded before import = 0Number of asset objects unloaded after import = 3

========================================================================
Received Import Request.
  Time since last request: 0.000025 seconds.
  path: Assets/Makaka Games/Mobile Game Icon Pack/Sprites/64x64/button_score_300.png
  artifactKey: Guid(47891649435f84108bc20f2573bae5c0) Importer(2089858483,d624ce77472d68a35037170ec1d2d27e)
Start importing Assets/Makaka Games/Mobile Game Icon Pack/Sprites/64x64/button_score_300.png using Guid(47891649435f84108bc20f2573bae5c0) Importer(2089858483,d624ce77472d68a35037170ec1d2d27e) (ScriptedImporter) -> (artifact id: 'cf444ab5f72d63133d7cefdd5d9abd01') in 0.0473854 seconds
Number of updated asset objects reloaded before import = 0Number of asset objects unloaded after import = 3

========================================================================
Received Import Request.
  Time since last request: 0.000035 seconds.
  path: Assets/Makaka Games/Mobile Game Icon Pack/Sprites/128x128/button_score_100.png
  artifactKey: Guid(02dbe7ecb47b64bc9bac4ab8b40cc16d) Importer(2089858483,d624ce77472d68a35037170ec1d2d27e)
Start importing Assets/Makaka Games/Mobile Game Icon Pack/Sprites/128x128/button_score_100.png using Guid(02dbe7ecb47b64bc9bac4ab8b40cc16d) Importer(2089858483,d624ce77472d68a35037170ec1d2d27e) (ScriptedImporter) -> (artifact id: '74cf8f8d458cd1f96612155c2bc5b1f7') in 0.0494412 seconds
Number of updated asset objects reloaded before import = 0Number of asset objects unloaded after import = 3

========================================================================
Received Import Request.
  Time since last request: 0.000034 seconds.
  path: Assets/Makaka Games/Mobile Game Icon Pack/Sprites/128x128/button_score_8.png
  artifactKey: Guid(a87dd135a81284efa849d837ab9a0789) Importer(2089858483,d624ce77472d68a35037170ec1d2d27e)
Start importing Assets/Makaka Games/Mobile Game Icon Pack/Sprites/128x128/button_score_8.png using Guid(a87dd135a81284efa849d837ab9a0789) Importer(2089858483,d624ce77472d68a35037170ec1d2d27e) (ScriptedImporter) -> (artifact id: '071839c72c8bd032a8e9058612401ed5') in 0.0365543 seconds
Number of updated asset objects reloaded before import = 0Number of asset objects unloaded after import = 3

========================================================================
Received Import Request.
  Time since last request: 0.000029 seconds.
  path: Assets/Makaka Games/Mobile Game Icon Pack/Sprites/64x64/button_plus_one.png
  artifactKey: Guid(d68316aa3c47d47ef9a0d5a0144a03be) Importer(2089858483,d624ce77472d68a35037170ec1d2d27e)
Start importing Assets/Makaka Games/Mobile Game Icon Pack/Sprites/64x64/button_plus_one.png using Guid(d68316aa3c47d47ef9a0d5a0144a03be) Importer(2089858483,d624ce77472d68a35037170ec1d2d27e) (ScriptedImporter) -> (artifact id: '15a7b0ca9f40e44a10e674ef76795636') in 0.0463478 seconds
Number of updated asset objects reloaded before import = 0Number of asset objects unloaded after import = 3

========================================================================
Received Import Request.
  Time since last request: 0.000024 seconds.
  path: Assets/Makaka Games/Mobile Game Icon Pack/Sprites/128x128/button_score_300.png
  artifactKey: Guid(654d5c532548a427fa2e8c2c9afea9bd) Importer(2089858483,d624ce77472d68a35037170ec1d2d27e)
Start importing Assets/Makaka Games/Mobile Game Icon Pack/Sprites/128x128/button_score_300.png using Guid(654d5c532548a427fa2e8c2c9afea9bd) Importer(2089858483,d624ce77472d68a35037170ec1d2d27e) (ScriptedImporter) -> (artifact id: 'b012b3a5c24d7973b5d062bba112b386') in 0.0492146 seconds
Number of updated asset objects reloaded before import = 0Number of asset objects unloaded after import = 3

========================================================================
Received Import Request.
  Time since last request: 0.000024 seconds.
  path: Assets/Makaka Games/Mobile Game Icon Pack/Sprites/128x128/button_score_6.png
  artifactKey: Guid(88042ebd907004f8194bfdd6423f849c) Importer(2089858483,d624ce77472d68a35037170ec1d2d27e)
Start importing Assets/Makaka Games/Mobile Game Icon Pack/Sprites/128x128/button_score_6.png using Guid(88042ebd907004f8194bfdd6423f849c) Importer(2089858483,d624ce77472d68a35037170ec1d2d27e) (ScriptedImporter) -> (artifact id: '2e13422459d98470998290d50c047da0') in 0.0355636 seconds
Number of updated asset objects reloaded before import = 0Number of asset objects unloaded after import = 3

========================================================================
Received Import Request.
  Time since last request: 0.000022 seconds.
  path: Assets/Hovl Studio/Magic effects pack/Prefabs/Hits and explosions/Explosion.prefab
  artifactKey: Guid(8eb503696b886e04faff8fc0f480d473) Importer(2089858483,d624ce77472d68a35037170ec1d2d27e)
Start importing Assets/Hovl Studio/Magic effects pack/Prefabs/Hits and explosions/Explosion.prefab using Guid(8eb503696b886e04faff8fc0f480d473) Importer(2089858483,d624ce77472d68a35037170ec1d2d27e) (ScriptedImporter) -> (artifact id: 'a70bedb90a62e2555337c974cd5b0b59') in 0.0732723 seconds
Number of updated asset objects reloaded before import = 0Number of asset objects unloaded after import = 18

========================================================================
Received Import Request.
  Time since last request: 0.000026 seconds.
  path: Assets/Makaka Games/Mobile Game Icon Pack/Sprites/64x64/button_score_25.png
  artifactKey: Guid(a46ad1f4bbe6e4068abc40d7a70c3b80) Importer(2089858483,d624ce77472d68a35037170ec1d2d27e)
Start importing Assets/Makaka Games/Mobile Game Icon Pack/Sprites/64x64/button_score_25.png using Guid(a46ad1f4bbe6e4068abc40d7a70c3b80) Importer(2089858483,d624ce77472d68a35037170ec1d2d27e) (ScriptedImporter) -> (artifact id: 'ea4f28d7cd513f9997467d43f0559641') in 0.0468179 seconds
Number of updated asset objects reloaded before import = 0Number of asset objects unloaded after import = 3

========================================================================
Received Import Request.
  Time since last request: 0.000039 seconds.
  path: Assets/Makaka Games/Mobile Game Icon Pack/Sprites/64x64/button_score_450.png
  artifactKey: Guid(80f637857e79b4f42895a9ede2844617) Importer(2089858483,d624ce77472d68a35037170ec1d2d27e)
Start importing Assets/Makaka Games/Mobile Game Icon Pack/Sprites/64x64/button_score_450.png using Guid(80f637857e79b4f42895a9ede2844617) Importer(2089858483,d624ce77472d68a35037170ec1d2d27e) (ScriptedImporter) -> (artifact id: '2c3e1453b05176d72a0c7772a526119c') in 0.0477527 seconds
Number of updated asset objects reloaded before import = 0Number of asset objects unloaded after import = 3

========================================================================
Received Import Request.
  Time since last request: 0.000022 seconds.
  path: Assets/Makaka Games/Mobile Game Icon Pack/Sprites/64x64/button_score_3k.png
  artifactKey: Guid(fa357eda479cd454781e11bce563dc38) Importer(2089858483,d624ce77472d68a35037170ec1d2d27e)
Start importing Assets/Makaka Games/Mobile Game Icon Pack/Sprites/64x64/button_score_3k.png using Guid(fa357eda479cd454781e11bce563dc38) Importer(2089858483,d624ce77472d68a35037170ec1d2d27e) (ScriptedImporter) -> (artifact id: 'c6afc935e1dec0089a78f812e8552df1') in 0.0411943 seconds
Number of updated asset objects reloaded before import = 0Number of asset objects unloaded after import = 3

========================================================================
Received Import Request.
  Time since last request: 0.000030 seconds.
  path: Assets/Makaka Games/Mobile Game Icon Pack/Sprites/128x128/button_score_5.png
  artifactKey: Guid(8733db574c3f548bfa41947dc8affd52) Importer(2089858483,d624ce77472d68a35037170ec1d2d27e)
Start importing Assets/Makaka Games/Mobile Game Icon Pack/Sprites/128x128/button_score_5.png using Guid(8733db574c3f548bfa41947dc8affd52) Importer(2089858483,d624ce77472d68a35037170ec1d2d27e) (ScriptedImporter) -> (artifact id: '301bc71adce4f380522c7af11f0ed2a4') in 0.0290737 seconds
Number of updated asset objects reloaded before import = 0Number of asset objects unloaded after import = 3

========================================================================
Received Import Request.
  Time since last request: 0.000029 seconds.
  path: Assets/Makaka Games/Mobile Game Icon Pack/Sprites/128x128/button_score_150.png
  artifactKey: Guid(2a4eb1c0d30724767898bbb878953ea5) Importer(2089858483,d624ce77472d68a35037170ec1d2d27e)
Start importing Assets/Makaka Games/Mobile Game Icon Pack/Sprites/128x128/button_score_150.png using Guid(2a4eb1c0d30724767898bbb878953ea5) Importer(2089858483,d624ce77472d68a35037170ec1d2d27e) (ScriptedImporter) -> (artifact id: 'bb5974fb3de3d5c75e6efdf0cbe97ceb') in 0.0420811 seconds
Number of updated asset objects reloaded before import = 0Number of asset objects unloaded after import = 3

========================================================================
Received Import Request.
  Time since last request: 0.000024 seconds.
  path: Assets/Makaka Games/Mobile Game Icon Pack/Sprites/64x64/button_score_4.png
  artifactKey: Guid(914d9f4f5db5440b4a47462602a300b4) Importer(2089858483,d624ce77472d68a35037170ec1d2d27e)
Start importing Assets/Makaka Games/Mobile Game Icon Pack/Sprites/64x64/button_score_4.png using Guid(914d9f4f5db5440b4a47462602a300b4) Importer(2089858483,d624ce77472d68a35037170ec1d2d27e) (ScriptedImporter) -> (artifact id: 'f1482422e53607efa02d9154679cd0c5') in 0.0432412 seconds
Number of updated asset objects reloaded before import = 0Number of asset objects unloaded after import = 3

========================================================================
Received Import Request.
  Time since last request: 0.000031 seconds.
  path: Assets/Makaka Games/Mobile Game Icon Pack/Sprites/64x64/button_score_550.png
  artifactKey: Guid(ecddf80c5dd6048faa777b1700bda099) Importer(2089858483,d624ce77472d68a35037170ec1d2d27e)
Start importing Assets/Makaka Games/Mobile Game Icon Pack/Sprites/64x64/button_score_550.png using Guid(ecddf80c5dd6048faa777b1700bda099) Importer(2089858483,d624ce77472d68a35037170ec1d2d27e) (ScriptedImporter) -> (artifact id: '167f453c2641a8592a483c22e18344f4') in 0.0428787 seconds
Number of updated asset objects reloaded before import = 0Number of asset objects unloaded after import = 3

========================================================================
Received Import Request.
  Time since last request: 0.000035 seconds.
  path: Assets/Hovl Studio/Magic effects pack/Prefabs/AoE effects/Red energy explosion.prefab
  artifactKey: Guid(867c572a5be680d42a042d2349f10143) Importer(2089858483,d624ce77472d68a35037170ec1d2d27e)
Start importing Assets/Hovl Studio/Magic effects pack/Prefabs/AoE effects/Red energy explosion.prefab using Guid(867c572a5be680d42a042d2349f10143) Importer(2089858483,d624ce77472d68a35037170ec1d2d27e) (ScriptedImporter) -> (artifact id: '43fd2ee543ba7972727aef34b2a9b806') in 0.080385 seconds
Number of updated asset objects reloaded before import = 0Number of asset objects unloaded after import = 46

========================================================================
Received Import Request.
  Time since last request: 0.000029 seconds.
  path: Assets/Hovl Studio/Magic effects pack/Prefabs/Hits and explosions/Love hit.prefab
  artifactKey: Guid(356cf4dca1465b54fabbb8cd9b1cd190) Importer(2089858483,d624ce77472d68a35037170ec1d2d27e)
Start importing Assets/Hovl Studio/Magic effects pack/Prefabs/Hits and explosions/Love hit.prefab using Guid(356cf4dca1465b54fabbb8cd9b1cd190) Importer(2089858483,d624ce77472d68a35037170ec1d2d27e) (ScriptedImporter) -> (artifact id: '2fef8c49340109c9a8e8488c51dd78b1') in 0.0833534 seconds
Number of updated asset objects reloaded before import = 0Number of asset objects unloaded after import = 14

========================================================================
Received Import Request.
  Time since last request: 0.000022 seconds.
  path: Assets/Makaka Games/Mobile Game Icon Pack/Sprites/64x64/button_score_20.png
  artifactKey: Guid(99705306515cc4100987d4377034dac7) Importer(2089858483,d624ce77472d68a35037170ec1d2d27e)
Start importing Assets/Makaka Games/Mobile Game Icon Pack/Sprites/64x64/button_score_20.png using Guid(99705306515cc4100987d4377034dac7) Importer(2089858483,d624ce77472d68a35037170ec1d2d27e) (ScriptedImporter) -> (artifact id: '132a48a0770b22493e6f4201d5869553') in 0.0486542 seconds
Number of updated asset objects reloaded before import = 0Number of asset objects unloaded after import = 3

========================================================================
Received Import Request.
  Time since last request: 0.000029 seconds.
  path: Assets/Hovl Studio/Magic effects pack/Prefabs/Magic shields/Magic shield pink.prefab
  artifactKey: Guid(5156d6689efbccb4991059f3a5755566) Importer(2089858483,d624ce77472d68a35037170ec1d2d27e)
Start importing Assets/Hovl Studio/Magic effects pack/Prefabs/Magic shields/Magic shield pink.prefab using Guid(5156d6689efbccb4991059f3a5755566) Importer(2089858483,d624ce77472d68a35037170ec1d2d27e) (ScriptedImporter) -> (artifact id: 'd12aec8770aa2c3dc3372df1c95d4c47') in 0.0731003 seconds
Number of updated asset objects reloaded before import = 0Number of asset objects unloaded after import = 18

========================================================================
Received Import Request.
  Time since last request: 0.000032 seconds.
  path: Assets/Prefabs/Piratas/anim/idles/Idle movimiento.fbx
  artifactKey: Guid(1440699cf16a4df459abf743b2d8b426) Importer(2089858483,d624ce77472d68a35037170ec1d2d27e)
Start importing Assets/Prefabs/Piratas/anim/idles/Idle movimiento.fbx using Guid(1440699cf16a4df459abf743b2d8b426) Importer(2089858483,d624ce77472d68a35037170ec1d2d27e) (ScriptedImporter) -> (artifact id: '6a1cc45357f18ed319446b733d7d8321') in 0.3520519 seconds
Number of updated asset objects reloaded before import = 0Number of asset objects unloaded after import = 240

========================================================================
Received Import Request.
  Time since last request: 0.000025 seconds.
  path: Assets/Makaka Games/Mobile Game Icon Pack/Sprites/64x64/button_share.png
  artifactKey: Guid(1a5b9e97a944643e6b033a6d52efc244) Importer(2089858483,d624ce77472d68a35037170ec1d2d27e)
Start importing Assets/Makaka Games/Mobile Game Icon Pack/Sprites/64x64/button_share.png using Guid(1a5b9e97a944643e6b033a6d52efc244) Importer(2089858483,d624ce77472d68a35037170ec1d2d27e) (ScriptedImporter) -> (artifact id: '27d4b08fdfae6888b2eff1b8abe43e6e') in 0.0465758 seconds
Number of updated asset objects reloaded before import = 0Number of asset objects unloaded after import = 3

========================================================================
Received Import Request.
  Time since last request: 0.000034 seconds.
  path: Assets/Makaka Games/Mobile Game Icon Pack/Sprites/128x128/button_score_850.png
  artifactKey: Guid(18f818e0ed3574ec18c77aaf66b1b15e) Importer(2089858483,d624ce77472d68a35037170ec1d2d27e)
Start importing Assets/Makaka Games/Mobile Game Icon Pack/Sprites/128x128/button_score_850.png using Guid(18f818e0ed3574ec18c77aaf66b1b15e) Importer(2089858483,d624ce77472d68a35037170ec1d2d27e) (ScriptedImporter) -> (artifact id: '7f034ab5b26398a8c15e225d59dead49') in 0.0434634 seconds
Number of updated asset objects reloaded before import = 0Number of asset objects unloaded after import = 3

========================================================================
Received Import Request.
  Time since last request: 0.000045 seconds.
  path: Assets/Makaka Games/Mobile Game Icon Pack/Sprites/64x64/button_score_6.png
  artifactKey: Guid(a1e20ac0b24574424a62a44c63fc7340) Importer(2089858483,d624ce77472d68a35037170ec1d2d27e)
Start importing Assets/Makaka Games/Mobile Game Icon Pack/Sprites/64x64/button_score_6.png using Guid(a1e20ac0b24574424a62a44c63fc7340) Importer(2089858483,d624ce77472d68a35037170ec1d2d27e) (ScriptedImporter) -> (artifact id: '958b0df416608d0f760612e7b3019aa5') in 0.0418641 seconds
Number of updated asset objects reloaded before import = 0Number of asset objects unloaded after import = 3

========================================================================
Received Import Request.
  Time since last request: 0.000023 seconds.
  path: Assets/Makaka Games/Mobile Game Icon Pack/Sprites/Button Buy/button_buy_1.99.png
  artifactKey: Guid(344d38533402c4e058ee7b07e38db4ee) Importer(2089858483,d624ce77472d68a35037170ec1d2d27e)
Start importing Assets/Makaka Games/Mobile Game Icon Pack/Sprites/Button Buy/button_buy_1.99.png using Guid(344d38533402c4e058ee7b07e38db4ee) Importer(2089858483,d624ce77472d68a35037170ec1d2d27e) (ScriptedImporter) -> (artifact id: 'e901f7d931a92e7b8a420d331488d516') in 0.0445389 seconds
Number of updated asset objects reloaded before import = 0Number of asset objects unloaded after import = 3

========================================================================
Received Import Request.
  Time since last request: 0.000023 seconds.
  path: Assets/Makaka Games/Mobile Game Icon Pack/Sprites/128x128/button_restart.png
  artifactKey: Guid(7649231f1fd394b7b9eef81888190697) Importer(2089858483,d624ce77472d68a35037170ec1d2d27e)
Start importing Assets/Makaka Games/Mobile Game Icon Pack/Sprites/128x128/button_restart.png using Guid(7649231f1fd394b7b9eef81888190697) Importer(2089858483,d624ce77472d68a35037170ec1d2d27e) (ScriptedImporter) -> (artifact id: '3d42a68320b660669da2d3af3e2aa17e') in 0.0408423 seconds
Number of updated asset objects reloaded before import = 0Number of asset objects unloaded after import = 3

========================================================================
Received Import Request.
  Time since last request: 0.000025 seconds.
  path: Assets/Hovl Studio/Magic effects pack/Prefabs/Slash effects/Stone slash.prefab
  artifactKey: Guid(3407e378c048bb5438424b28c7740b48) Importer(2089858483,d624ce77472d68a35037170ec1d2d27e)
Start importing Assets/Hovl Studio/Magic effects pack/Prefabs/Slash effects/Stone slash.prefab using Guid(3407e378c048bb5438424b28c7740b48) Importer(2089858483,d624ce77472d68a35037170ec1d2d27e) (ScriptedImporter) -> (artifact id: 'd894187774a459439311afee8e04c4f8') in 0.077717 seconds
Number of updated asset objects reloaded before import = 0Number of asset objects unloaded after import = 22

========================================================================
Received Import Request.
  Time since last request: 0.000025 seconds.
  path: Assets/Makaka Games/Mobile Game Icon Pack/Sprites/64x64/button_infinity.png
  artifactKey: Guid(f6c277b59fade4455aeaf5a4b61aad2b) Importer(2089858483,d624ce77472d68a35037170ec1d2d27e)
Start importing Assets/Makaka Games/Mobile Game Icon Pack/Sprites/64x64/button_infinity.png using Guid(f6c277b59fade4455aeaf5a4b61aad2b) Importer(2089858483,d624ce77472d68a35037170ec1d2d27e) (ScriptedImporter) -> (artifact id: '78f25eb54ddbdb3a824a4170fa16ea13') in 0.0420378 seconds
Number of updated asset objects reloaded before import = 0Number of asset objects unloaded after import = 3

========================================================================
Received Import Request.
  Time since last request: 0.000037 seconds.
  path: Assets/Makaka Games/Mobile Game Icon Pack/Sprites/64x64/button_score_9.png
  artifactKey: Guid(de99df78bd90e406195fb1d620b736ad) Importer(2089858483,d624ce77472d68a35037170ec1d2d27e)
Start importing Assets/Makaka Games/Mobile Game Icon Pack/Sprites/64x64/button_score_9.png using Guid(de99df78bd90e406195fb1d620b736ad) Importer(2089858483,d624ce77472d68a35037170ec1d2d27e) (ScriptedImporter) -> (artifact id: 'd221b18a927c1ec0edb4460607b0b44e') in 0.0411915 seconds
Number of updated asset objects reloaded before import = 0Number of asset objects unloaded after import = 3

========================================================================
Received Import Request.
  Time since last request: 0.000022 seconds.
  path: Assets/Makaka Games/Mobile Game Icon Pack/Sprites/64x64/button_score_2k.png
  artifactKey: Guid(6cf8d986029ab4fe19b7e4f60c5a4792) Importer(2089858483,d624ce77472d68a35037170ec1d2d27e)
Start importing Assets/Makaka Games/Mobile Game Icon Pack/Sprites/64x64/button_score_2k.png using Guid(6cf8d986029ab4fe19b7e4f60c5a4792) Importer(2089858483,d624ce77472d68a35037170ec1d2d27e) (ScriptedImporter) -> (artifact id: 'd5c19d28601213f765c8cbad946b3eaf') in 0.0425294 seconds
Number of updated asset objects reloaded before import = 0Number of asset objects unloaded after import = 3

========================================================================
Received Import Request.
  Time since last request: 0.000025 seconds.
  path: Assets/Makaka Games/Mobile Game Icon Pack/Sprites/64x64/button_score_1.png
  artifactKey: Guid(115eb9c2e57cb4adfaf3a2001072aedc) Importer(2089858483,d624ce77472d68a35037170ec1d2d27e)
Start importing Assets/Makaka Games/Mobile Game Icon Pack/Sprites/64x64/button_score_1.png using Guid(115eb9c2e57cb4adfaf3a2001072aedc) Importer(2089858483,d624ce77472d68a35037170ec1d2d27e) (ScriptedImporter) -> (artifact id: '718ed37c6c3b016c5ceed0282a06bfcb') in 0.0430195 seconds
Number of updated asset objects reloaded before import = 0Number of asset objects unloaded after import = 3

========================================================================
Received Import Request.
  Time since last request: 0.000023 seconds.
  path: Assets/Makaka Games/Mobile Game Icon Pack/Sprites/128x128/button_play.png
  artifactKey: Guid(d8af2fd377a004958a032e19a6fd391e) Importer(2089858483,d624ce77472d68a35037170ec1d2d27e)
Start importing Assets/Makaka Games/Mobile Game Icon Pack/Sprites/128x128/button_play.png using Guid(d8af2fd377a004958a032e19a6fd391e) Importer(2089858483,d624ce77472d68a35037170ec1d2d27e) (ScriptedImporter) -> (artifact id: 'c0a4e145232aaf94468c6d11dfd6a450') in 0.0441269 seconds
Number of updated asset objects reloaded before import = 0Number of asset objects unloaded after import = 3

========================================================================
Received Import Request.
  Time since last request: 0.000022 seconds.
  path: Assets/Makaka Games/Mobile Game Icon Pack/Sprites/128x128/button_score_650.png
  artifactKey: Guid(3337a2a66799742928ad4d436767a2d3) Importer(2089858483,d624ce77472d68a35037170ec1d2d27e)
Start importing Assets/Makaka Games/Mobile Game Icon Pack/Sprites/128x128/button_score_650.png using Guid(3337a2a66799742928ad4d436767a2d3) Importer(2089858483,d624ce77472d68a35037170ec1d2d27e) (ScriptedImporter) -> (artifact id: 'f0cda8d18302fe49bb87238885c3cbaa') in 0.043153 seconds
Number of updated asset objects reloaded before import = 0Number of asset objects unloaded after import = 3

========================================================================
Received Import Request.
  Time since last request: 0.000032 seconds.
  path: Assets/Hovl Studio/Magic effects pack/Prefabs/Hits and explosions/Electro hit.prefab
  artifactKey: Guid(a164e676dbbd6e54587237e619372c98) Importer(2089858483,d624ce77472d68a35037170ec1d2d27e)
Start importing Assets/Hovl Studio/Magic effects pack/Prefabs/Hits and explosions/Electro hit.prefab using Guid(a164e676dbbd6e54587237e619372c98) Importer(2089858483,d624ce77472d68a35037170ec1d2d27e) (ScriptedImporter) -> (artifact id: 'fec1a9c238773bfad9ad24be458ac2e6') in 0.0741838 seconds
Number of updated asset objects reloaded before import = 0Number of asset objects unloaded after import = 14

========================================================================
Received Import Request.
  Time since last request: 0.000032 seconds.
  path: Assets/Hovl Studio/Magic effects pack/Prefabs/Portals/Portal red.prefab
  artifactKey: Guid(52c7d057cba585641bb68312c10d7791) Importer(2089858483,d624ce77472d68a35037170ec1d2d27e)
Start importing Assets/Hovl Studio/Magic effects pack/Prefabs/Portals/Portal red.prefab using Guid(52c7d057cba585641bb68312c10d7791) Importer(2089858483,d624ce77472d68a35037170ec1d2d27e) (ScriptedImporter) -> (artifact id: '6df46402584dec86807d25ff501a804e') in 0.0789248 seconds
Number of updated asset objects reloaded before import = 0Number of asset objects unloaded after import = 18

========================================================================
Received Import Request.
  Time since last request: 0.000027 seconds.
  path: Assets/Scenes/CatBorg Studio/3D Pirates Lowpoly Pack/Models/01_House_2.fbx
  artifactKey: Guid(b8e52bda523c1db4d8270bd07c0cf66e) Importer(2089858483,d624ce77472d68a35037170ec1d2d27e)
Start importing Assets/Scenes/CatBorg Studio/3D Pirates Lowpoly Pack/Models/01_House_2.fbx using Guid(b8e52bda523c1db4d8270bd07c0cf66e) Importer(2089858483,d624ce77472d68a35037170ec1d2d27e) (ScriptedImporter) -> (artifact id: 'ae6a43ad6666ba1cfff0239f88643a88') in 0.0616925 seconds
Number of updated asset objects reloaded before import = 0Number of asset objects unloaded after import = 23

========================================================================
Received Import Request.
  Time since last request: 0.000022 seconds.
  path: Assets/Prefabs/Piratas/Piratas/UIPiratas/Portal green Variant.prefab
  artifactKey: Guid(d3ffa06c309b04f4cbf9cc029821bace) Importer(2089858483,d624ce77472d68a35037170ec1d2d27e)
Start importing Assets/Prefabs/Piratas/Piratas/UIPiratas/Portal green Variant.prefab using Guid(d3ffa06c309b04f4cbf9cc029821bace) Importer(2089858483,d624ce77472d68a35037170ec1d2d27e) (ScriptedImporter) -> (artifact id: '802e80ad257620e300a548cd37ded0e4') in 0.0937531 seconds
Number of updated asset objects reloaded before import = 0Number of asset objects unloaded after import = 36

========================================================================
Received Import Request.
  Time since last request: 0.000030 seconds.
  path: Assets/Scenes/CatBorg Studio/3D Pirates Lowpoly Pack/Models/01_House_1.fbx
  artifactKey: Guid(54aa764c52797ba44bd5290304e5010a) Importer(2089858483,d624ce77472d68a35037170ec1d2d27e)
Start importing Assets/Scenes/CatBorg Studio/3D Pirates Lowpoly Pack/Models/01_House_1.fbx using Guid(54aa764c52797ba44bd5290304e5010a) Importer(2089858483,d624ce77472d68a35037170ec1d2d27e) (ScriptedImporter) -> (artifact id: '9fc8602bbc19881038240892c25378af') in 0.0575032 seconds
Number of updated asset objects reloaded before import = 0Number of asset objects unloaded after import = 23

========================================================================
Received Import Request.
  Time since last request: 0.000034 seconds.
  path: Assets/Hovl Studio/Magic effects pack/Prefabs/Character auras/Healing.prefab
  artifactKey: Guid(1245b8d2997d5b34fb1637be70a7eb05) Importer(2089858483,d624ce77472d68a35037170ec1d2d27e)
Start importing Assets/Hovl Studio/Magic effects pack/Prefabs/Character auras/Healing.prefab using Guid(1245b8d2997d5b34fb1637be70a7eb05) Importer(2089858483,d624ce77472d68a35037170ec1d2d27e) (ScriptedImporter) -> (artifact id: '5cb8d404520e8f41f253f4bd2e54105c') in 0.0707248 seconds
Number of updated asset objects reloaded before import = 0Number of asset objects unloaded after import = 14

========================================================================
Received Import Request.
  Time since last request: 0.000021 seconds.
  path: Assets/Makaka Games/Mobile Game Icon Pack/Sprites/64x64/button_score_750.png
  artifactKey: Guid(6d3a6a39d5775455484500db14b8e61f) Importer(2089858483,d624ce77472d68a35037170ec1d2d27e)
Start importing Assets/Makaka Games/Mobile Game Icon Pack/Sprites/64x64/button_score_750.png using Guid(6d3a6a39d5775455484500db14b8e61f) Importer(2089858483,d624ce77472d68a35037170ec1d2d27e) (ScriptedImporter) -> (artifact id: 'dab08c099915f977a158e3b5709b5c41') in 0.0449003 seconds
Number of updated asset objects reloaded before import = 0Number of asset objects unloaded after import = 3

========================================================================
Received Import Request.
  Time since last request: 0.000021 seconds.
  path: Assets/Prefabs/Piratas/anim/acciones generales/Recibir golpe.fbx
  artifactKey: Guid(7e7147b899482a0419507bed7910276a) Importer(2089858483,d624ce77472d68a35037170ec1d2d27e)
Start importing Assets/Prefabs/Piratas/anim/acciones generales/Recibir golpe.fbx using Guid(7e7147b899482a0419507bed7910276a) Importer(2089858483,d624ce77472d68a35037170ec1d2d27e) (ScriptedImporter) -> (artifact id: '79a8da840de099301cc4f182fdcc016f') in 0.1556326 seconds
Number of updated asset objects reloaded before import = 0Number of asset objects unloaded after import = 240

========================================================================
Received Import Request.
  Time since last request: 0.000028 seconds.
  path: Assets/Scenes/CatBorg Studio/3D Pirates Lowpoly Pack/Models/03_FishermanHouse_FishermanCart.fbx
  artifactKey: Guid(57b6f43284f4e594894b13115a0a438a) Importer(2089858483,d624ce77472d68a35037170ec1d2d27e)
Start importing Assets/Scenes/CatBorg Studio/3D Pirates Lowpoly Pack/Models/03_FishermanHouse_FishermanCart.fbx using Guid(57b6f43284f4e594894b13115a0a438a) Importer(2089858483,d624ce77472d68a35037170ec1d2d27e) (ScriptedImporter) -> (artifact id: 'af5063d07b5d14aaac524c74cd355c0d') in 0.0467212 seconds
Number of updated asset objects reloaded before import = 0Number of asset objects unloaded after import = 8

========================================================================
Received Import Request.
  Time since last request: 0.000037 seconds.
  path: Assets/Scenes/CatBorg Studio/3D Pirates Lowpoly Pack/Models/03_FishermanHouse_FishermanStand_3.fbx
  artifactKey: Guid(e86cf1db2dedac243a9ceffe2f9e4567) Importer(2089858483,d624ce77472d68a35037170ec1d2d27e)
Start importing Assets/Scenes/CatBorg Studio/3D Pirates Lowpoly Pack/Models/03_FishermanHouse_FishermanStand_3.fbx using Guid(e86cf1db2dedac243a9ceffe2f9e4567) Importer(2089858483,d624ce77472d68a35037170ec1d2d27e) (ScriptedImporter) -> (artifact id: '6449a7a3ff9cab89e304dd4ea5fafc0d') in 0.0458265 seconds
Number of updated asset objects reloaded before import = 0Number of asset objects unloaded after import = 8

========================================================================
Received Import Request.
  Time since last request: 0.000024 seconds.
  path: Assets/Scenes/CatBorg Studio/3D Pirates Lowpoly Pack/Models/03_FishermanHouse_Bucket_Empty.fbx
  artifactKey: Guid(fc6740e9ed3616048bc5e1b2b518357b) Importer(2089858483,d624ce77472d68a35037170ec1d2d27e)
Start importing Assets/Scenes/CatBorg Studio/3D Pirates Lowpoly Pack/Models/03_FishermanHouse_Bucket_Empty.fbx using Guid(fc6740e9ed3616048bc5e1b2b518357b) Importer(2089858483,d624ce77472d68a35037170ec1d2d27e) (ScriptedImporter) -> (artifact id: '73ca73d1b015d062dbf7a8908c55feac') in 0.0426082 seconds
Number of updated asset objects reloaded before import = 0Number of asset objects unloaded after import = 8

========================================================================
Received Import Request.
  Time since last request: 0.000027 seconds.
  path: Assets/Makaka Games/Mobile Game Icon Pack/Sprites/64x64/button_score_5.png
  artifactKey: Guid(d5e47c315d3b64172876b03d0bd71c33) Importer(2089858483,d624ce77472d68a35037170ec1d2d27e)
Start importing Assets/Makaka Games/Mobile Game Icon Pack/Sprites/64x64/button_score_5.png using Guid(d5e47c315d3b64172876b03d0bd71c33) Importer(2089858483,d624ce77472d68a35037170ec1d2d27e) (ScriptedImporter) -> (artifact id: 'b7d5c7e9bc82c959ed846266ab56e7ba') in 0.0459597 seconds
Number of updated asset objects reloaded before import = 0Number of asset objects unloaded after import = 3

========================================================================
Received Import Request.
  Time since last request: 0.000018 seconds.
  path: Assets/Makaka Games/Publisher/Everyday Tools/Debugging/NumberDebugger.cs
  artifactKey: Guid(34a0e1783208d488db043d894e052a2d) Importer(2089858483,d624ce77472d68a35037170ec1d2d27e)
Start importing Assets/Makaka Games/Publisher/Everyday Tools/Debugging/NumberDebugger.cs using Guid(34a0e1783208d488db043d894e052a2d) Importer(2089858483,d624ce77472d68a35037170ec1d2d27e) (ScriptedImporter) -> (artifact id: 'bc455056cc4679ac4fd40f73b72780d8') in 0.0489376 seconds
Number of updated asset objects reloaded before import = 0Number of asset objects unloaded after import = 0

========================================================================
Received Import Request.
  Time since last request: 0.000088 seconds.
  path: Assets/Scenes/CatBorg Studio/3D Pirates Lowpoly Pack/Models/02_Market_Barrel_Single_Open.fbx
  artifactKey: Guid(da49fec89ca6c814dac3fd4444775ee9) Importer(2089858483,d624ce77472d68a35037170ec1d2d27e)
Start importing Assets/Scenes/CatBorg Studio/3D Pirates Lowpoly Pack/Models/02_Market_Barrel_Single_Open.fbx using Guid(da49fec89ca6c814dac3fd4444775ee9) Importer(2089858483,d624ce77472d68a35037170ec1d2d27e) (ScriptedImporter) -> (artifact id: '3cac9635c68a880980a90109b9599cab') in 0.0516813 seconds
Number of updated asset objects reloaded before import = 0Number of asset objects unloaded after import = 13

========================================================================
Received Import Request.
  Time since last request: 0.000038 seconds.
  path: Assets/Prefabs/Piratas/anim/acciones generales/Caerse.fbx
  artifactKey: Guid(c5a37cedf7f02d5459a69288b78ed62f) Importer(2089858483,d624ce77472d68a35037170ec1d2d27e)
Start importing Assets/Prefabs/Piratas/anim/acciones generales/Caerse.fbx using Guid(c5a37cedf7f02d5459a69288b78ed62f) Importer(2089858483,d624ce77472d68a35037170ec1d2d27e) (ScriptedImporter) -> (artifact id: 'b343e813723e45e5606c47044289fe8f') in 0.1707406 seconds
Number of updated asset objects reloaded before import = 0Number of asset objects unloaded after import = 240

========================================================================
Received Import Request.
  Time since last request: 0.000038 seconds.
  path: Assets/Scenes/CatBorg Studio/3D Pirates Lowpoly Pack/Models/06_MusketShop_Banner.fbx
  artifactKey: Guid(7c1407e581d315c4f809492566899f2d) Importer(2089858483,d624ce77472d68a35037170ec1d2d27e)
Start importing Assets/Scenes/CatBorg Studio/3D Pirates Lowpoly Pack/Models/06_MusketShop_Banner.fbx using Guid(7c1407e581d315c4f809492566899f2d) Importer(2089858483,d624ce77472d68a35037170ec1d2d27e) (ScriptedImporter) -> (artifact id: '39d2be276d05393d6f5d8364d3eb3c7d') in 0.0517284 seconds
Number of updated asset objects reloaded before import = 0Number of asset objects unloaded after import = 8

========================================================================
Received Import Request.
  Time since last request: 0.000024 seconds.
  path: Assets/Scenes/CatBorg Studio/3D Pirates Lowpoly Pack/Models/04_CannonShop_Cannon_Mold.fbx
  artifactKey: Guid(0f916ac7ae9e9be4ca1c10c88a82aa95) Importer(2089858483,d624ce77472d68a35037170ec1d2d27e)
Start importing Assets/Scenes/CatBorg Studio/3D Pirates Lowpoly Pack/Models/04_CannonShop_Cannon_Mold.fbx using Guid(0f916ac7ae9e9be4ca1c10c88a82aa95) Importer(2089858483,d624ce77472d68a35037170ec1d2d27e) (ScriptedImporter) -> (artifact id: '10e434fe72c618786f73dba80c64950b') in 0.0518967 seconds
Number of updated asset objects reloaded before import = 0Number of asset objects unloaded after import = 8

========================================================================
Received Import Request.
  Time since last request: 0.000027 seconds.
  path: Assets/Scenes/CatBorg Studio/3D Pirates Lowpoly Pack/Models/06_MusketShop_RiffleBox_Closed.fbx
  artifactKey: Guid(f1a28eb1c2d3f8f45b6cfcac187b3592) Importer(2089858483,d624ce77472d68a35037170ec1d2d27e)
Start importing Assets/Scenes/CatBorg Studio/3D Pirates Lowpoly Pack/Models/06_MusketShop_RiffleBox_Closed.fbx using Guid(f1a28eb1c2d3f8f45b6cfcac187b3592) Importer(2089858483,d624ce77472d68a35037170ec1d2d27e) (ScriptedImporter) -> (artifact id: 'c5e2cb61549d979ec6f78dc2a1ffeff0') in 0.0683545 seconds
Number of updated asset objects reloaded before import = 0Number of asset objects unloaded after import = 13

========================================================================
Received Import Request.
  Time since last request: 0.000027 seconds.
  path: Assets/Scenes/CatBorg Studio/3D Pirates Lowpoly Pack/Models/06_MusketShop_Rifle_1.fbx
  artifactKey: Guid(b5c4cf23d68933845ac108c978f7ab96) Importer(2089858483,d624ce77472d68a35037170ec1d2d27e)
Start importing Assets/Scenes/CatBorg Studio/3D Pirates Lowpoly Pack/Models/06_MusketShop_Rifle_1.fbx using Guid(b5c4cf23d68933845ac108c978f7ab96) Importer(2089858483,d624ce77472d68a35037170ec1d2d27e) (ScriptedImporter) -> (artifact id: 'c7dafe5e6dfc93c80290b62498f04a70') in 0.0503665 seconds
Number of updated asset objects reloaded before import = 0Number of asset objects unloaded after import = 8

========================================================================
Received Import Request.
  Time since last request: 0.000031 seconds.
  path: Assets/Scenes/CatBorg Studio/3D Pirates Lowpoly Pack/Models/05_Destilery_Rum_Bottle_1.fbx
  artifactKey: Guid(db2a7c084e0d85a4399daafd9e944732) Importer(2089858483,d624ce77472d68a35037170ec1d2d27e)
Start importing Assets/Scenes/CatBorg Studio/3D Pirates Lowpoly Pack/Models/05_Destilery_Rum_Bottle_1.fbx using Guid(db2a7c084e0d85a4399daafd9e944732) Importer(2089858483,d624ce77472d68a35037170ec1d2d27e) (ScriptedImporter) -> (artifact id: '7c093c78d26805e055792cbb928ff215') in 0.0487255 seconds
Number of updated asset objects reloaded before import = 0Number of asset objects unloaded after import = 8

========================================================================
Received Import Request.
  Time since last request: 0.000032 seconds.
  path: Assets/Scenes/CatBorg Studio/3D Pirates Lowpoly Pack/Models/03_FishermanHouse_FishermanStand_4.fbx
  artifactKey: Guid(6a1b6365b5654b247bb0f84da4cb4400) Importer(2089858483,d624ce77472d68a35037170ec1d2d27e)
Start importing Assets/Scenes/CatBorg Studio/3D Pirates Lowpoly Pack/Models/03_FishermanHouse_FishermanStand_4.fbx using Guid(6a1b6365b5654b247bb0f84da4cb4400) Importer(2089858483,d624ce77472d68a35037170ec1d2d27e) (ScriptedImporter) -> (artifact id: '6dfa21c6e6d40ea33085d436c5dde113') in 0.0461881 seconds
Number of updated asset objects reloaded before import = 0Number of asset objects unloaded after import = 8

========================================================================
Received Import Request.
  Time since last request: 0.000029 seconds.
  path: Assets/Scenes/CatBorg Studio/3D Pirates Lowpoly Pack/Models/02_Market_Crate_1.fbx
  artifactKey: Guid(2d7cad0c19c32fd47b653c1cb1d85037) Importer(2089858483,d624ce77472d68a35037170ec1d2d27e)
Start importing Assets/Scenes/CatBorg Studio/3D Pirates Lowpoly Pack/Models/02_Market_Crate_1.fbx using Guid(2d7cad0c19c32fd47b653c1cb1d85037) Importer(2089858483,d624ce77472d68a35037170ec1d2d27e) (ScriptedImporter) -> (artifact id: 'f157f8dfa25a7e7c037f489d6f7f6fbe') in 0.0469917 seconds
Number of updated asset objects reloaded before import = 0Number of asset objects unloaded after import = 8

========================================================================
Received Import Request.
  Time since last request: 0.000025 seconds.
  path: Assets/Makaka Games/Mobile Game Icon Pack/Sprites/128x128/button_score_800.png
  artifactKey: Guid(3bebd238964da4d91a05ce924ac1e24c) Importer(2089858483,d624ce77472d68a35037170ec1d2d27e)
Start importing Assets/Makaka Games/Mobile Game Icon Pack/Sprites/128x128/button_score_800.png using Guid(3bebd238964da4d91a05ce924ac1e24c) Importer(2089858483,d624ce77472d68a35037170ec1d2d27e) (ScriptedImporter) -> (artifact id: '2caa904d226af20562b2cd4dc392fae3') in 0.0492743 seconds
Number of updated asset objects reloaded before import = 0Number of asset objects unloaded after import = 3

========================================================================
Received Import Request.
  Time since last request: 0.000032 seconds.
  path: Assets/Scenes/CatBorg Studio/3D Pirates Lowpoly Pack/Materials/M_Imphenzia_LowPollyStyle.mat
  artifactKey: Guid(ab45c6a366ed37d41986b28426795b3c) Importer(2089858483,d624ce77472d68a35037170ec1d2d27e)
Start importing Assets/Scenes/CatBorg Studio/3D Pirates Lowpoly Pack/Materials/M_Imphenzia_LowPollyStyle.mat using Guid(ab45c6a366ed37d41986b28426795b3c) Importer(2089858483,d624ce77472d68a35037170ec1d2d27e) (ScriptedImporter) -> (artifact id: 'c73d3cbb2829052b24db4a036ab5b80a') in 0.0434927 seconds
Number of updated asset objects reloaded before import = 0Number of asset objects unloaded after import = 2

========================================================================
Received Import Request.
  Time since last request: 0.000029 seconds.
  path: Assets/Scenes/CatBorg Studio/3D Pirates Lowpoly Pack/Models/04_CannonShop_CannonBall_Stack.fbx
  artifactKey: Guid(bd8dbaf34d06e01409015ae0bab647ce) Importer(2089858483,d624ce77472d68a35037170ec1d2d27e)
Start importing Assets/Scenes/CatBorg Studio/3D Pirates Lowpoly Pack/Models/04_CannonShop_CannonBall_Stack.fbx using Guid(bd8dbaf34d06e01409015ae0bab647ce) Importer(2089858483,d624ce77472d68a35037170ec1d2d27e) (ScriptedImporter) -> (artifact id: '5fe98a46a429374d1eefccfc720eae13') in 0.0583704 seconds
Number of updated asset objects reloaded before import = 0Number of asset objects unloaded after import = 8

========================================================================
Received Import Request.
  Time since last request: 0.000031 seconds.
  path: Assets/Scenes/CatBorg Studio/3D Pirates Lowpoly Pack/Prefabs/00_Island_6.prefab
  artifactKey: Guid(fef58f17f6bc50b4fa2a3b58fc8b4dc4) Importer(2089858483,d624ce77472d68a35037170ec1d2d27e)
Start importing Assets/Scenes/CatBorg Studio/3D Pirates Lowpoly Pack/Prefabs/00_Island_6.prefab using Guid(fef58f17f6bc50b4fa2a3b58fc8b4dc4) Importer(2089858483,d624ce77472d68a35037170ec1d2d27e) (ScriptedImporter) -> (artifact id: 'eae59b8c6ff494d9492342f9d9a6d757') in 0.0440374 seconds
Number of updated asset objects reloaded before import = 0Number of asset objects unloaded after import = 27

========================================================================
Received Import Request.
  Time since last request: 0.000036 seconds.
  path: Assets/Scenes/CatBorg Studio/3D Pirates Lowpoly Pack/Prefabs/00_Island_3.prefab
  artifactKey: Guid(7ff62cc2df01cb449866b00451ac402d) Importer(2089858483,d624ce77472d68a35037170ec1d2d27e)
Start importing Assets/Scenes/CatBorg Studio/3D Pirates Lowpoly Pack/Prefabs/00_Island_3.prefab using Guid(7ff62cc2df01cb449866b00451ac402d) Importer(2089858483,d624ce77472d68a35037170ec1d2d27e) (ScriptedImporter) -> (artifact id: '550f7766e75140bffdda8ff6b9a7b102') in 0.0551105 seconds
Number of updated asset objects reloaded before import = 0Number of asset objects unloaded after import = 13

========================================================================
Received Import Request.
  Time since last request: 0.000035 seconds.
  path: Assets/Scenes/CatBorg Studio/3D Pirates Lowpoly Pack/Prefabs/00_Island_2.prefab
  artifactKey: Guid(b5b345652819a96468b021a97fe70a51) Importer(2089858483,d624ce77472d68a35037170ec1d2d27e)
Start importing Assets/Scenes/CatBorg Studio/3D Pirates Lowpoly Pack/Prefabs/00_Island_2.prefab using Guid(b5b345652819a96468b021a97fe70a51) Importer(2089858483,d624ce77472d68a35037170ec1d2d27e) (ScriptedImporter) -> (artifact id: '548f58863b4c15efe29bd6169ac1e892') in 0.039713 seconds
Number of updated asset objects reloaded before import = 0Number of asset objects unloaded after import = 28

========================================================================
Received Import Request.
  Time since last request: 0.000033 seconds.
  path: Assets/Scenes/CatBorg Studio/3D Pirates Lowpoly Pack/Models/07_Tavern_UmbrelaTable_2.fbx
  artifactKey: Guid(93a4a2b4586aee74b9d9943c0e58fa36) Importer(2089858483,d624ce77472d68a35037170ec1d2d27e)
Start importing Assets/Scenes/CatBorg Studio/3D Pirates Lowpoly Pack/Models/07_Tavern_UmbrelaTable_2.fbx using Guid(93a4a2b4586aee74b9d9943c0e58fa36) Importer(2089858483,d624ce77472d68a35037170ec1d2d27e) (ScriptedImporter) -> (artifact id: '39d0cf2c4a7b5d7ab3a688854ba7d8e8') in 0.0495529 seconds
Number of updated asset objects reloaded before import = 0Number of asset objects unloaded after import = 8

========================================================================
Received Import Request.
  Time since last request: 0.000029 seconds.
  path: Assets/Scenes/CatBorg Studio/3D Pirates Lowpoly Pack/Prefabs/01_House_1.prefab
  artifactKey: Guid(67c9d86fe5b7e6d4091c169d70fbe35e) Importer(2089858483,d624ce77472d68a35037170ec1d2d27e)
Start importing Assets/Scenes/CatBorg Studio/3D Pirates Lowpoly Pack/Prefabs/01_House_1.prefab using Guid(67c9d86fe5b7e6d4091c169d70fbe35e) Importer(2089858483,d624ce77472d68a35037170ec1d2d27e) (ScriptedImporter) -> (artifact id: '4ece7c973edea637297565358761edd9') in 0.0387579 seconds
Number of updated asset objects reloaded before import = 0Number of asset objects unloaded after import = 23

========================================================================
Received Import Request.
  Time since last request: 0.000032 seconds.
  path: Assets/Scenes/CatBorg Studio/3D Pirates Lowpoly Pack/Models/06_MusketShop_Stander_Empty.fbx
  artifactKey: Guid(77cb2320ef26e19479ecf82e7189c900) Importer(2089858483,d624ce77472d68a35037170ec1d2d27e)
Start importing Assets/Scenes/CatBorg Studio/3D Pirates Lowpoly Pack/Models/06_MusketShop_Stander_Empty.fbx using Guid(77cb2320ef26e19479ecf82e7189c900) Importer(2089858483,d624ce77472d68a35037170ec1d2d27e) (ScriptedImporter) -> (artifact id: '20a79b9c4a8659e2797d90e765be3e84') in 0.0525507 seconds
Number of updated asset objects reloaded before import = 0Number of asset objects unloaded after import = 8

========================================================================
Received Import Request.
  Time since last request: 0.000037 seconds.
  path: Assets/Scenes/CatBorg Studio/3D Pirates Lowpoly Pack/Models/99_Ship_L1.fbx
  artifactKey: Guid(f3998d06c8d495a4fbca340f630d62cf) Importer(2089858483,d624ce77472d68a35037170ec1d2d27e)
Start importing Assets/Scenes/CatBorg Studio/3D Pirates Lowpoly Pack/Models/99_Ship_L1.fbx using Guid(f3998d06c8d495a4fbca340f630d62cf) Importer(2089858483,d624ce77472d68a35037170ec1d2d27e) (ScriptedImporter) -> (artifact id: '25859914d0913ee7fca8f688d3218132') in 0.0579003 seconds
Number of updated asset objects reloaded before import = 0Number of asset objects unloaded after import = 53

========================================================================
Received Import Request.
  Time since last request: 0.000035 seconds.
  path: Assets/Scenes/CatBorg Studio/3D Pirates Lowpoly Pack/Prefabs/01_House_3.prefab
  artifactKey: Guid(8081c48a6021ba84a9236faf0abc32cb) Importer(2089858483,d624ce77472d68a35037170ec1d2d27e)
Start importing Assets/Scenes/CatBorg Studio/3D Pirates Lowpoly Pack/Prefabs/01_House_3.prefab using Guid(8081c48a6021ba84a9236faf0abc32cb) Importer(2089858483,d624ce77472d68a35037170ec1d2d27e) (ScriptedImporter) -> (artifact id: '0605618b813cde4068c690ddcceba724') in 0.0485831 seconds
Number of updated asset objects reloaded before import = 0Number of asset objects unloaded after import = 23

========================================================================
Received Import Request.
  Time since last request: 0.000027 seconds.
  path: Assets/Scenes/CatBorg Studio/3D Pirates Lowpoly Pack/Models/06_MusketShop_Box_Full.fbx
  artifactKey: Guid(7a7e92e8dc46b7b4f8e26b0e472a5af1) Importer(2089858483,d624ce77472d68a35037170ec1d2d27e)
Start importing Assets/Scenes/CatBorg Studio/3D Pirates Lowpoly Pack/Models/06_MusketShop_Box_Full.fbx using Guid(7a7e92e8dc46b7b4f8e26b0e472a5af1) Importer(2089858483,d624ce77472d68a35037170ec1d2d27e) (ScriptedImporter) -> (artifact id: 'dc4798607270a49a835f900eb7f52e28') in 0.0429602 seconds
Number of updated asset objects reloaded before import = 0Number of asset objects unloaded after import = 8

========================================================================
Received Import Request.
  Time since last request: 0.000031 seconds.
  path: Assets/Scenes/CatBorg Studio/3D Pirates Lowpoly Pack/Models/01_House_5.fbx
  artifactKey: Guid(ebd94409fb5fdaf47aab8b3b6eb18801) Importer(2089858483,d624ce77472d68a35037170ec1d2d27e)
Start importing Assets/Scenes/CatBorg Studio/3D Pirates Lowpoly Pack/Models/01_House_5.fbx using Guid(ebd94409fb5fdaf47aab8b3b6eb18801) Importer(2089858483,d624ce77472d68a35037170ec1d2d27e) (ScriptedImporter) -> (artifact id: 'b289e63420e2740a1df4b59095c3b988') in 0.0537178 seconds
Number of updated asset objects reloaded before import = 0Number of asset objects unloaded after import = 8

========================================================================
Received Import Request.
  Time since last request: 0.000031 seconds.
  path: Assets/Prefabs/Piratas/anim/idles/idle pelea.fbx
  artifactKey: Guid(f64d59368da9a3f4598f59321ee7c874) Importer(2089858483,d624ce77472d68a35037170ec1d2d27e)
Start importing Assets/Prefabs/Piratas/anim/idles/idle pelea.fbx using Guid(f64d59368da9a3f4598f59321ee7c874) Importer(2089858483,d624ce77472d68a35037170ec1d2d27e) (ScriptedImporter) -> (artifact id: '53aa41a7e922f4a703200423b72b5a11') in 0.1679846 seconds
Number of updated asset objects reloaded before import = 0Number of asset objects unloaded after import = 240

========================================================================
Received Import Request.
  Time since last request: 0.000031 seconds.
  path: Assets/Scenes/CatBorg Studio/3D Pirates Lowpoly Pack/Prefabs/03_FishermanHouse_Bucket_Fishes.prefab
  artifactKey: Guid(11155f3f7bda9eb41903041db49c1b19) Importer(2089858483,d624ce77472d68a35037170ec1d2d27e)
Start importing Assets/Scenes/CatBorg Studio/3D Pirates Lowpoly Pack/Prefabs/03_FishermanHouse_Bucket_Fishes.prefab using Guid(11155f3f7bda9eb41903041db49c1b19) Importer(2089858483,d624ce77472d68a35037170ec1d2d27e) (ScriptedImporter) -> (artifact id: '78f790a146d47a3a072cc33fa90d66b9') in 0.0383172 seconds
Number of updated asset objects reloaded before import = 0Number of asset objects unloaded after import = 8

========================================================================
Received Import Request.
  Time since last request: 0.000046 seconds.
  path: Assets/Scenes/CatBorg Studio/3D Pirates Lowpoly Pack/Prefabs/02_Market_Banner_Barrels.prefab
  artifactKey: Guid(ff844aaa1271ce641a549a498365d900) Importer(2089858483,d624ce77472d68a35037170ec1d2d27e)
Start importing Assets/Scenes/CatBorg Studio/3D Pirates Lowpoly Pack/Prefabs/02_Market_Banner_Barrels.prefab using Guid(ff844aaa1271ce641a549a498365d900) Importer(2089858483,d624ce77472d68a35037170ec1d2d27e) (ScriptedImporter) -> (artifact id: 'b03ca4a39a2e10fc31c566e3d81c77a5') in 0.0490578 seconds
Number of updated asset objects reloaded before import = 0Number of asset objects unloaded after import = 8

========================================================================
Received Import Request.
  Time since last request: 0.000030 seconds.
  path: Assets/Scenes/CatBorg Studio/3D Pirates Lowpoly Pack/Prefabs/03_FishermanHouse_FishermanStand_1.prefab
  artifactKey: Guid(fb3d2db896a39834e9cf017f7fbf3d0b) Importer(2089858483,d624ce77472d68a35037170ec1d2d27e)
Start importing Assets/Scenes/CatBorg Studio/3D Pirates Lowpoly Pack/Prefabs/03_FishermanHouse_FishermanStand_1.prefab using Guid(fb3d2db896a39834e9cf017f7fbf3d0b) Importer(2089858483,d624ce77472d68a35037170ec1d2d27e) (ScriptedImporter) -> (artifact id: 'ee64b67ee50f2599a8bd496315a9c376') in 0.035766 seconds
Number of updated asset objects reloaded before import = 0Number of asset objects unloaded after import = 8

========================================================================
Received Import Request.
  Time since last request: 0.000032 seconds.
  path: Assets/Scenes/CatBorg Studio/3D Pirates Lowpoly Pack/Prefabs/02_Market_Sack_Single.prefab
  artifactKey: Guid(cc04b2232a65eaf48a0dbca0b5a67c65) Importer(2089858483,d624ce77472d68a35037170ec1d2d27e)
Start importing Assets/Scenes/CatBorg Studio/3D Pirates Lowpoly Pack/Prefabs/02_Market_Sack_Single.prefab using Guid(cc04b2232a65eaf48a0dbca0b5a67c65) Importer(2089858483,d624ce77472d68a35037170ec1d2d27e) (ScriptedImporter) -> (artifact id: 'a01dfbb4c94632c994be3ec70ddc386b') in 0.0493208 seconds
Number of updated asset objects reloaded before import = 0Number of asset objects unloaded after import = 8

========================================================================
Received Import Request.
  Time since last request: 0.000025 seconds.
  path: Assets/Scenes/CatBorg Studio/3D Pirates Lowpoly Pack/Models/02_Market_Barrel_Single_Closed.fbx
  artifactKey: Guid(bd15de13cb7383047bd407f38b7b2a94) Importer(2089858483,d624ce77472d68a35037170ec1d2d27e)
Start importing Assets/Scenes/CatBorg Studio/3D Pirates Lowpoly Pack/Models/02_Market_Barrel_Single_Closed.fbx using Guid(bd15de13cb7383047bd407f38b7b2a94) Importer(2089858483,d624ce77472d68a35037170ec1d2d27e) (ScriptedImporter) -> (artifact id: '7d3c2947fa8b99916300cf6bc00c5c93') in 0.0311918 seconds
Number of updated asset objects reloaded before import = 0Number of asset objects unloaded after import = 8

========================================================================
Received Import Request.
  Time since last request: 0.000021 seconds.
  path: Assets/Scenes/CatBorg Studio/3D Pirates Lowpoly Pack/Models/04_CannonShop_Cannon_Cart.fbx
  artifactKey: Guid(701acdabf1b948e498a5a2c95b65f618) Importer(2089858483,d624ce77472d68a35037170ec1d2d27e)
Start importing Assets/Scenes/CatBorg Studio/3D Pirates Lowpoly Pack/Models/04_CannonShop_Cannon_Cart.fbx using Guid(701acdabf1b948e498a5a2c95b65f618) Importer(2089858483,d624ce77472d68a35037170ec1d2d27e) (ScriptedImporter) -> (artifact id: 'a800e5ed464d749af4c340303689a7cc') in 0.0442173 seconds
Number of updated asset objects reloaded before import = 0Number of asset objects unloaded after import = 8

========================================================================
Received Import Request.
  Time since last request: 0.000031 seconds.
  path: Assets/Prefabs/Piratas/anim/Moverse hacia delante/Unarmed Walk Forward.fbx
  artifactKey: Guid(91047cef8baa8324db15b66c5b7baea3) Importer(2089858483,d624ce77472d68a35037170ec1d2d27e)
Start importing Assets/Prefabs/Piratas/anim/Moverse hacia delante/Unarmed Walk Forward.fbx using Guid(91047cef8baa8324db15b66c5b7baea3) Importer(2089858483,d624ce77472d68a35037170ec1d2d27e) (ScriptedImporter) -> (artifact id: '2da4768e3b2732a9527ceee40d4c891a') in 0.1628844 seconds
Number of updated asset objects reloaded before import = 0Number of asset objects unloaded after import = 240

========================================================================
Received Import Request.
  Time since last request: 0.000034 seconds.
  path: Assets/Scenes/CatBorg Studio/3D Pirates Lowpoly Pack/Prefabs/04_CannonShop_Banner_Cannon.prefab
  artifactKey: Guid(bb27a5db55d9b79419f30fd6efacadf9) Importer(2089858483,d624ce77472d68a35037170ec1d2d27e)
Start importing Assets/Scenes/CatBorg Studio/3D Pirates Lowpoly Pack/Prefabs/04_CannonShop_Banner_Cannon.prefab using Guid(bb27a5db55d9b79419f30fd6efacadf9) Importer(2089858483,d624ce77472d68a35037170ec1d2d27e) (ScriptedImporter) -> (artifact id: '97f00aabc365991d3e2b3a25336c2689') in 0.0372146 seconds
Number of updated asset objects reloaded before import = 0Number of asset objects unloaded after import = 8

========================================================================
Received Import Request.
  Time since last request: 0.000029 seconds.
  path: Assets/Scenes/CatBorg Studio/3D Pirates Lowpoly Pack/Prefabs/06_MusketShop_Banner.prefab
  artifactKey: Guid(2867abe7f655c6143a01ae963ab7c4f0) Importer(2089858483,d624ce77472d68a35037170ec1d2d27e)
Start importing Assets/Scenes/CatBorg Studio/3D Pirates Lowpoly Pack/Prefabs/06_MusketShop_Banner.prefab using Guid(2867abe7f655c6143a01ae963ab7c4f0) Importer(2089858483,d624ce77472d68a35037170ec1d2d27e) (ScriptedImporter) -> (artifact id: '6803b1d7caa97dc32c8fbf3d309383fe') in 0.033831 seconds
Number of updated asset objects reloaded before import = 0Number of asset objects unloaded after import = 8

========================================================================
Received Import Request.
  Time since last request: 0.000028 seconds.
  path: Assets/Scenes/CatBorg Studio/3D Pirates Lowpoly Pack/Prefabs/04_CannonShop_CannonBall_Single.prefab
  artifactKey: Guid(1e5f707d1cbd9e542a332cd6c743cfd4) Importer(2089858483,d624ce77472d68a35037170ec1d2d27e)
Start importing Assets/Scenes/CatBorg Studio/3D Pirates Lowpoly Pack/Prefabs/04_CannonShop_CannonBall_Single.prefab using Guid(1e5f707d1cbd9e542a332cd6c743cfd4) Importer(2089858483,d624ce77472d68a35037170ec1d2d27e) (ScriptedImporter) -> (artifact id: '6d596695d4b678b0b7c7a97766ef9043') in 0.0346242 seconds
Number of updated asset objects reloaded before import = 0Number of asset objects unloaded after import = 8

========================================================================
Received Import Request.
  Time since last request: 0.000022 seconds.
  path: Assets/Scenes/CatBorg Studio/3D Pirates Lowpoly Pack/Prefabs/04_CannonShop_CannonBall_Stack_2.prefab
  artifactKey: Guid(7acb16f026c4160448eec41d6c9a978e) Importer(2089858483,d624ce77472d68a35037170ec1d2d27e)
Start importing Assets/Scenes/CatBorg Studio/3D Pirates Lowpoly Pack/Prefabs/04_CannonShop_CannonBall_Stack_2.prefab using Guid(7acb16f026c4160448eec41d6c9a978e) Importer(2089858483,d624ce77472d68a35037170ec1d2d27e) (ScriptedImporter) -> (artifact id: '2d15cc0693052fa0219a52712c1b8475') in 0.0556665 seconds
Number of updated asset objects reloaded before import = 0Number of asset objects unloaded after import = 8

========================================================================
Received Import Request.
  Time since last request: 0.000033 seconds.
  path: Assets/Scenes/CatBorg Studio/3D Pirates Lowpoly Pack/Prefabs/04_CannonShop_Cannon_Mold_Empty.prefab
  artifactKey: Guid(3cc0a3b38f78b5e4abba4c10e1a0a1d4) Importer(2089858483,d624ce77472d68a35037170ec1d2d27e)
Start importing Assets/Scenes/CatBorg Studio/3D Pirates Lowpoly Pack/Prefabs/04_CannonShop_Cannon_Mold_Empty.prefab using Guid(3cc0a3b38f78b5e4abba4c10e1a0a1d4) Importer(2089858483,d624ce77472d68a35037170ec1d2d27e) (ScriptedImporter) -> (artifact id: '3b7941f6fe59a383682a5defa467746d') in 0.0470434 seconds
Number of updated asset objects reloaded before import = 0Number of asset objects unloaded after import = 8

========================================================================
Received Import Request.
  Time since last request: 0.000026 seconds.
  path: Assets/Scenes/CatBorg Studio/3D Pirates Lowpoly Pack/Prefabs/05_Destilery_Rum_Crate_1.prefab
  artifactKey: Guid(bad73a5f0469e764fb4dc7c923beb5fc) Importer(2089858483,d624ce77472d68a35037170ec1d2d27e)
Start importing Assets/Scenes/CatBorg Studio/3D Pirates Lowpoly Pack/Prefabs/05_Destilery_Rum_Crate_1.prefab using Guid(bad73a5f0469e764fb4dc7c923beb5fc) Importer(2089858483,d624ce77472d68a35037170ec1d2d27e) (ScriptedImporter) -> (artifact id: 'd7b5fe4bbdeb32bd46c602342ee50675') in 0.0500709 seconds
Number of updated asset objects reloaded before import = 0Number of asset objects unloaded after import = 8

========================================================================
Received Import Request.
  Time since last request: 0.000034 seconds.
  path: Assets/Scenes/CatBorg Studio/3D Pirates Lowpoly Pack/Prefabs/04_CannonShop_CannonBalls_Crate.prefab
  artifactKey: Guid(980b91e8cbed06e478940675b9fff521) Importer(2089858483,d624ce77472d68a35037170ec1d2d27e)
Start importing Assets/Scenes/CatBorg Studio/3D Pirates Lowpoly Pack/Prefabs/04_CannonShop_CannonBalls_Crate.prefab using Guid(980b91e8cbed06e478940675b9fff521) Importer(2089858483,d624ce77472d68a35037170ec1d2d27e) (ScriptedImporter) -> (artifact id: '804394bdffecb62c813da53fce247428') in 0.037313 seconds
Number of updated asset objects reloaded before import = 0Number of asset objects unloaded after import = 8

========================================================================
Received Import Request.
  Time since last request: 0.000022 seconds.
  path: Assets/Hovl Studio/Magic effects pack/Prefabs/Slash effects/Electro slash.prefab
  artifactKey: Guid(4aa9f30a28a77224ba84b2a2c334c71b) Importer(2089858483,d624ce77472d68a35037170ec1d2d27e)
Start importing Assets/Hovl Studio/Magic effects pack/Prefabs/Slash effects/Electro slash.prefab using Guid(4aa9f30a28a77224ba84b2a2c334c71b) Importer(2089858483,d624ce77472d68a35037170ec1d2d27e) (ScriptedImporter) -> (artifact id: 'd840ab3f48c4040348a553132ebd8b47') in 0.0759 seconds
Number of updated asset objects reloaded before import = 0Number of asset objects unloaded after import = 22

========================================================================
Received Import Request.
  Time since last request: 0.000027 seconds.
  path: Assets/Scenes/CatBorg Studio/3D Pirates Lowpoly Pack/Models/02_Market_Sack_Stack.fbx
  artifactKey: Guid(fff8b52e2b2e5c94a8c220f902903426) Importer(2089858483,d624ce77472d68a35037170ec1d2d27e)
Start importing Assets/Scenes/CatBorg Studio/3D Pirates Lowpoly Pack/Models/02_Market_Sack_Stack.fbx using Guid(fff8b52e2b2e5c94a8c220f902903426) Importer(2089858483,d624ce77472d68a35037170ec1d2d27e) (ScriptedImporter) -> (artifact id: 'f5ab28e87bc2834fd9e2d8e362ec054b') in 0.0439059 seconds
Number of updated asset objects reloaded before import = 0Number of asset objects unloaded after import = 8

========================================================================
Received Import Request.
  Time since last request: 0.000022 seconds.
  path: Assets/Hovl Studio/Magic effects pack/Prefabs/Magic circles/Healing circle.prefab
  artifactKey: Guid(12a56ee4630040c4eb17ae9707ed4cef) Importer(2089858483,d624ce77472d68a35037170ec1d2d27e)
Start importing Assets/Hovl Studio/Magic effects pack/Prefabs/Magic circles/Healing circle.prefab using Guid(12a56ee4630040c4eb17ae9707ed4cef) Importer(2089858483,d624ce77472d68a35037170ec1d2d27e) (ScriptedImporter) -> (artifact id: '6c4423b0200b4f92d07c4c322332c9df') in 0.0759615 seconds
Number of updated asset objects reloaded before import = 0Number of asset objects unloaded after import = 24

========================================================================
Received Import Request.
  Time since last request: 0.000033 seconds.
  path: Assets/Scenes/CatBorg Studio/3D Pirates Lowpoly Pack/Scenes/Demo_Island_3.unity
  artifactKey: Guid(0edcb1d2a151a304ab8dec1cdbe317f9) Importer(2089858483,d624ce77472d68a35037170ec1d2d27e)
Start importing Assets/Scenes/CatBorg Studio/3D Pirates Lowpoly Pack/Scenes/Demo_Island_3.unity using Guid(0edcb1d2a151a304ab8dec1cdbe317f9) Importer(2089858483,d624ce77472d68a35037170ec1d2d27e) (ScriptedImporter) -> (artifact id: '88059532baf096f5d02457dc86f353cf') in 0.0182828 seconds
Number of updated asset objects reloaded before import = 0Number of asset objects unloaded after import = 1

========================================================================
Received Import Request.
  Time since last request: 0.000044 seconds.
  path: Assets/Scenes/CatBorg Studio/3D Pirates Lowpoly Pack/Scenes/Demo_Island_1.unity
  artifactKey: Guid(6e2bd685528fe764899a23e7db05df35) Importer(2089858483,d624ce77472d68a35037170ec1d2d27e)
Start importing Assets/Scenes/CatBorg Studio/3D Pirates Lowpoly Pack/Scenes/Demo_Island_1.unity using Guid(6e2bd685528fe764899a23e7db05df35) Importer(2089858483,d624ce77472d68a35037170ec1d2d27e) (ScriptedImporter) -> (artifact id: '5d8f994c29d856946d63164448289c76') in 0.0152566 seconds
Number of updated asset objects reloaded before import = 0Number of asset objects unloaded after import = 1

========================================================================
Received Import Request.
  Time since last request: 0.000071 seconds.
  path: Assets/Scenes/CatBorg Studio/3D Pirates Lowpoly Pack/Prefabs/99_Ship_L1.prefab
  artifactKey: Guid(25ac759efb426bd4b94c0d86aeafac49) Importer(2089858483,d624ce77472d68a35037170ec1d2d27e)
Start importing Assets/Scenes/CatBorg Studio/3D Pirates Lowpoly Pack/Prefabs/99_Ship_L1.prefab using Guid(25ac759efb426bd4b94c0d86aeafac49) Importer(2089858483,d624ce77472d68a35037170ec1d2d27e) (ScriptedImporter) -> (artifact id: '386ec8902490847d892c8d9722eb9893') in 0.0378346 seconds
Number of updated asset objects reloaded before import = 0Number of asset objects unloaded after import = 92

========================================================================
Received Import Request.
  Time since last request: 0.000021 seconds.
  path: Assets/Scenes/CatBorg Studio/3D Pirates Lowpoly Pack/Prefabs/07_Tavern_UmbrelaTable_2.prefab
  artifactKey: Guid(d4effc3173a6c084ab1e0f9cf40a072c) Importer(2089858483,d624ce77472d68a35037170ec1d2d27e)
Start importing Assets/Scenes/CatBorg Studio/3D Pirates Lowpoly Pack/Prefabs/07_Tavern_UmbrelaTable_2.prefab using Guid(d4effc3173a6c084ab1e0f9cf40a072c) Importer(2089858483,d624ce77472d68a35037170ec1d2d27e) (ScriptedImporter) -> (artifact id: '2d7216c6014b5c29eacb4703cdbf38ff') in 0.0353997 seconds
Number of updated asset objects reloaded before import = 0Number of asset objects unloaded after import = 8

========================================================================
Received Import Request.
  Time since last request: 0.000031 seconds.
  path: Assets/Makaka Games/Publisher/Everyday Tools/SceneControl/Animation/Fade In Animation.anim
  artifactKey: Guid(34f7f5a75a0804eeda06a54eff90a860) Importer(2089858483,d624ce77472d68a35037170ec1d2d27e)
Start importing Assets/Makaka Games/Publisher/Everyday Tools/SceneControl/Animation/Fade In Animation.anim using Guid(34f7f5a75a0804eeda06a54eff90a860) Importer(2089858483,d624ce77472d68a35037170ec1d2d27e) (ScriptedImporter) -> (artifact id: '8738200699d478cece2fb7f6f2047e91') in 0.0322354 seconds
Number of updated asset objects reloaded before import = 0Number of asset objects unloaded after import = 1

========================================================================
Received Import Request.
  Time since last request: 0.000139 seconds.
  path: Assets/Unity UI Samples/Textures and Sprites/SF UI/Background/LICENSE.txt
  artifactKey: Guid(c31676a79c05841fb82b113e2fb3d45c) Importer(2089858483,d624ce77472d68a35037170ec1d2d27e)
Start importing Assets/Unity UI Samples/Textures and Sprites/SF UI/Background/LICENSE.txt using Guid(c31676a79c05841fb82b113e2fb3d45c) Importer(2089858483,d624ce77472d68a35037170ec1d2d27e) (ScriptedImporter) -> (artifact id: 'bc8f9f5771caf942f8d9af7472c26d8a') in 0.0277272 seconds
Number of updated asset objects reloaded before import = 0Number of asset objects unloaded after import = 1

========================================================================
Received Import Request.
  Time since last request: 0.000028 seconds.
  path: Assets/Scenes/CatBorg Studio/3D Pirates Lowpoly Pack/Textures/K4DvOYlE.png
  artifactKey: Guid(c33cf37a22f010e4cb6a2c2279ee2896) Importer(2089858483,d624ce77472d68a35037170ec1d2d27e)
Start importing Assets/Scenes/CatBorg Studio/3D Pirates Lowpoly Pack/Textures/K4DvOYlE.png using Guid(c33cf37a22f010e4cb6a2c2279ee2896) Importer(2089858483,d624ce77472d68a35037170ec1d2d27e) (ScriptedImporter) -> (artifact id: '2653980d23db5ebbaf588dc46a061f78') in 0.0321841 seconds
Number of updated asset objects reloaded before import = 0Number of asset objects unloaded after import = 3

========================================================================
Received Import Request.
  Time since last request: 0.000023 seconds.
  path: Assets/Scenes/CatBorg Studio/3D Pirates Lowpoly Pack/Prefabs/07_Tavern_UmbrelaTable_1.prefab
  artifactKey: Guid(8fea800076991d148bba2e6f1cd6f6ab) Importer(2089858483,d624ce77472d68a35037170ec1d2d27e)
Start importing Assets/Scenes/CatBorg Studio/3D Pirates Lowpoly Pack/Prefabs/07_Tavern_UmbrelaTable_1.prefab using Guid(8fea800076991d148bba2e6f1cd6f6ab) Importer(2089858483,d624ce77472d68a35037170ec1d2d27e) (ScriptedImporter) -> (artifact id: 'ba5a31339fe9fd4f47086b64567b3896') in 0.1149613 seconds
Number of updated asset objects reloaded before import = 0Number of asset objects unloaded after import = 8

========================================================================
Received Import Request.
  Time since last request: 0.000032 seconds.
  path: Assets/Scenes/CatBorg Studio/3D Pirates Lowpoly Pack/Prefabs/06_MusketShop_Pistol.prefab
  artifactKey: Guid(dc2c916f047ff644a92e6e295170157e) Importer(2089858483,d624ce77472d68a35037170ec1d2d27e)
Start importing Assets/Scenes/CatBorg Studio/3D Pirates Lowpoly Pack/Prefabs/06_MusketShop_Pistol.prefab using Guid(dc2c916f047ff644a92e6e295170157e) Importer(2089858483,d624ce77472d68a35037170ec1d2d27e) (ScriptedImporter) -> (artifact id: 'a54e629f1ea9a08d536fe7c8c5bdc31a') in 0.039545 seconds
Number of updated asset objects reloaded before import = 0Number of asset objects unloaded after import = 8

========================================================================
Received Import Request.
  Time since last request: 0.000036 seconds.
  path: Assets/Scenes/CatBorg Studio/3D Pirates Lowpoly Pack/Prefabs/07_Tavern_Banner.prefab
  artifactKey: Guid(4c3ea90e07e40b4468d424eed7335dfd) Importer(2089858483,d624ce77472d68a35037170ec1d2d27e)
Start importing Assets/Scenes/CatBorg Studio/3D Pirates Lowpoly Pack/Prefabs/07_Tavern_Banner.prefab using Guid(4c3ea90e07e40b4468d424eed7335dfd) Importer(2089858483,d624ce77472d68a35037170ec1d2d27e) (ScriptedImporter) -> (artifact id: '3518c339a3680cb5d890b14c98fbffc9') in 0.0495737 seconds
Number of updated asset objects reloaded before import = 0Number of asset objects unloaded after import = 8

========================================================================
Received Import Request.
  Time since last request: 0.000032 seconds.
  path: Assets/Scenes/CatBorg Studio/3D Pirates Lowpoly Pack/Prefabs/99_Sea.prefab
  artifactKey: Guid(928b7ab55e4c640469989d2fad85c7d7) Importer(2089858483,d624ce77472d68a35037170ec1d2d27e)
Start importing Assets/Scenes/CatBorg Studio/3D Pirates Lowpoly Pack/Prefabs/99_Sea.prefab using Guid(928b7ab55e4c640469989d2fad85c7d7) Importer(2089858483,d624ce77472d68a35037170ec1d2d27e) (ScriptedImporter) -> (artifact id: 'f541270cb8a18f2d8f5f754a97c3e327') in 0.0366994 seconds
Number of updated asset objects reloaded before import = 0Number of asset objects unloaded after import = 8

========================================================================
Received Import Request.
  Time since last request: 0.000028 seconds.
  path: Assets/Scenes/CatBorg Studio/3D Pirates Lowpoly Pack/Prefabs/04_CannonShop_Cannon.prefab
  artifactKey: Guid(2f6bffba9cee7dd47bfbd80cc1d09c19) Importer(2089858483,d624ce77472d68a35037170ec1d2d27e)
Start importing Assets/Scenes/CatBorg Studio/3D Pirates Lowpoly Pack/Prefabs/04_CannonShop_Cannon.prefab using Guid(2f6bffba9cee7dd47bfbd80cc1d09c19) Importer(2089858483,d624ce77472d68a35037170ec1d2d27e) (ScriptedImporter) -> (artifact id: '7a255ffb9a418b5caf67a8071fb6fdef') in 0.0354513 seconds
Number of updated asset objects reloaded before import = 0Number of asset objects unloaded after import = 8

========================================================================
Received Import Request.
  Time since last request: 0.000027 seconds.
  path: Assets/Makaka Games/Publisher/Everyday Tools/SceneControl/Scenes/LoadScreen.unity
  artifactKey: Guid(9ea0e271d27a4df6b952de065414d326) Importer(2089858483,d624ce77472d68a35037170ec1d2d27e)
Start importing Assets/Makaka Games/Publisher/Everyday Tools/SceneControl/Scenes/LoadScreen.unity using Guid(9ea0e271d27a4df6b952de065414d326) Importer(2089858483,d624ce77472d68a35037170ec1d2d27e) (ScriptedImporter) -> (artifact id: 'a08c7de19229c1bc31082b1453234a08') in 0.0151763 seconds
Number of updated asset objects reloaded before import = 0Number of asset objects unloaded after import = 1

========================================================================
Received Import Request.
  Time since last request: 0.000078 seconds.
  path: Assets/Makaka Games/Publisher/Everyday Tools/SceneControl/Materials/LiberationSans SDF - Menu Texts.asset
  artifactKey: Guid(6caf9731ef7454b31813f7d2c7500343) Importer(2089858483,d624ce77472d68a35037170ec1d2d27e)
Start importing Assets/Makaka Games/Publisher/Everyday Tools/SceneControl/Materials/LiberationSans SDF - Menu Texts.asset using Guid(6caf9731ef7454b31813f7d2c7500343) Importer(2089858483,d624ce77472d68a35037170ec1d2d27e) (ScriptedImporter) -> (artifact id: '3404c5fcd6a09297c1ab265953c60b72') in 0.1413587 seconds
Number of updated asset objects reloaded before import = 0Number of asset objects unloaded after import = 3

========================================================================
Received Import Request.
  Time since last request: 0.000030 seconds.
  path: Assets/Makaka Games/Publisher/Everyday Tools/SceneControl/Textures/Icon Menu Outline.png
  artifactKey: Guid(521f45a98302a4456bdacba6cf5ff2e4) Importer(2089858483,d624ce77472d68a35037170ec1d2d27e)
Start importing Assets/Makaka Games/Publisher/Everyday Tools/SceneControl/Textures/Icon Menu Outline.png using Guid(521f45a98302a4456bdacba6cf5ff2e4) Importer(2089858483,d624ce77472d68a35037170ec1d2d27e) (ScriptedImporter) -> (artifact id: '18dd503b4cf849b6840a97479b84aa1e') in 0.0423998 seconds
Number of updated asset objects reloaded before import = 0Number of asset objects unloaded after import = 3

========================================================================
Received Import Request.
  Time since last request: 0.000034 seconds.
  path: Assets/Makaka Games/Publisher/Everyday Tools/SceneControl/Textures/Icon Toggle Circle Background.png
  artifactKey: Guid(40ec67932ba424f17a441b9525f498bb) Importer(2089858483,d624ce77472d68a35037170ec1d2d27e)
Start importing Assets/Makaka Games/Publisher/Everyday Tools/SceneControl/Textures/Icon Toggle Circle Background.png using Guid(40ec67932ba424f17a441b9525f498bb) Importer(2089858483,d624ce77472d68a35037170ec1d2d27e) (ScriptedImporter) -> (artifact id: '9279b967db0e9cfcf280a427bb79a27d') in 0.0507595 seconds
Number of updated asset objects reloaded before import = 0Number of asset objects unloaded after import = 3

========================================================================
Received Import Request.
  Time since last request: 0.000028 seconds.
  path: Assets/Makaka Games/Publisher/Publisher Window/Inspector Info/Scripts/PublisherReadme.cs
  artifactKey: Guid(fcf7219bbb7fe46a1ad266029b2fee19) Importer(2089858483,d624ce77472d68a35037170ec1d2d27e)
Start importing Assets/Makaka Games/Publisher/Publisher Window/Inspector Info/Scripts/PublisherReadme.cs using Guid(fcf7219bbb7fe46a1ad266029b2fee19) Importer(2089858483,d624ce77472d68a35037170ec1d2d27e) (ScriptedImporter) -> (artifact id: '58ea0714e69a66ddadf6a9275f06fe06') in 0.0173401 seconds
Number of updated asset objects reloaded before import = 0Number of asset objects unloaded after import = 0

========================================================================
Received Import Request.
  Time since last request: 0.000082 seconds.
  path: Assets/Makaka Games/Publisher/Everyday Tools/SceneControl/Scripts/ScreenFader.cs
  artifactKey: Guid(93939409e923c4b5bb5569536a033392) Importer(2089858483,d624ce77472d68a35037170ec1d2d27e)
Start importing Assets/Makaka Games/Publisher/Everyday Tools/SceneControl/Scripts/ScreenFader.cs using Guid(93939409e923c4b5bb5569536a033392) Importer(2089858483,d624ce77472d68a35037170ec1d2d27e) (ScriptedImporter) -> (artifact id: 'add1ce2cca08df6a6a591042ef73ba1e') in 0.0179097 seconds
Number of updated asset objects reloaded before import = 0Number of asset objects unloaded after import = 0

========================================================================
Received Import Request.
  Time since last request: 0.000107 seconds.
  path: Assets/Makaka Games/Publisher/Everyday Tools/SceneControl/Textures/Icon Reset.png
  artifactKey: Guid(ecbd520266f1547d0a0fc9834b3d5f75) Importer(2089858483,d624ce77472d68a35037170ec1d2d27e)
Start importing Assets/Makaka Games/Publisher/Everyday Tools/SceneControl/Textures/Icon Reset.png using Guid(ecbd520266f1547d0a0fc9834b3d5f75) Importer(2089858483,d624ce77472d68a35037170ec1d2d27e) (ScriptedImporter) -> (artifact id: '329983fe011bb469eba485eb8629d79c') in 0.0387565 seconds
Number of updated asset objects reloaded before import = 0Number of asset objects unloaded after import = 3

========================================================================
Received Import Request.
  Time since last request: 0.000031 seconds.
  path: Assets/Makaka Games/Publisher/Publisher Window/Inspector Info/Icons/makaka-games-logo-square.png
  artifactKey: Guid(06e9135626efb4f69a37d4da6effcca2) Importer(2089858483,d624ce77472d68a35037170ec1d2d27e)
Start importing Assets/Makaka Games/Publisher/Publisher Window/Inspector Info/Icons/makaka-games-logo-square.png using Guid(06e9135626efb4f69a37d4da6effcca2) Importer(2089858483,d624ce77472d68a35037170ec1d2d27e) (ScriptedImporter) -> (artifact id: 'b7ada80b422398c28da2a0440acdb729') in 0.0348548 seconds
Number of updated asset objects reloaded before import = 0Number of asset objects unloaded after import = 1

========================================================================
Received Import Request.
  Time since last request: 0.000029 seconds.
  path: Assets/Makaka Games/Publisher/Everyday Tools/SceneControl/Textures/Icon Switch.png
  artifactKey: Guid(1350373fd35ea46859fa51052eb9f30a) Importer(2089858483,d624ce77472d68a35037170ec1d2d27e)
Start importing Assets/Makaka Games/Publisher/Everyday Tools/SceneControl/Textures/Icon Switch.png using Guid(1350373fd35ea46859fa51052eb9f30a) Importer(2089858483,d624ce77472d68a35037170ec1d2d27e) (ScriptedImporter) -> (artifact id: 'a7a9ef7cc68d9cad41224b8d549c9c93') in 0.0434113 seconds
Number of updated asset objects reloaded before import = 0Number of asset objects unloaded after import = 3

========================================================================
Received Import Request.
  Time since last request: 0.000029 seconds.
  path: Assets/Makaka Games/Publisher/Everyday Tools/SceneControl/Textures/Icon Play.png
  artifactKey: Guid(cf5672e63233457aac93f2815bf7399c) Importer(2089858483,d624ce77472d68a35037170ec1d2d27e)
Start importing Assets/Makaka Games/Publisher/Everyday Tools/SceneControl/Textures/Icon Play.png using Guid(cf5672e63233457aac93f2815bf7399c) Importer(2089858483,d624ce77472d68a35037170ec1d2d27e) (ScriptedImporter) -> (artifact id: '9c310ab942d80188b7aeac2cd16f0a73') in 0.0494427 seconds
Number of updated asset objects reloaded before import = 0Number of asset objects unloaded after import = 3

========================================================================
Received Import Request.
  Time since last request: 0.000039 seconds.
  path: Assets/Makaka Games/Mobile Game Icon Pack/Sprites/64x64/button_lock.png
  artifactKey: Guid(0d7011713b8be4eb681260bb8ad5968d) Importer(2089858483,d624ce77472d68a35037170ec1d2d27e)
Start importing Assets/Makaka Games/Mobile Game Icon Pack/Sprites/64x64/button_lock.png using Guid(0d7011713b8be4eb681260bb8ad5968d) Importer(2089858483,d624ce77472d68a35037170ec1d2d27e) (ScriptedImporter) -> (artifact id: 'e3d41dc83ede19ba4bd70a862e8849a7') in 0.0470661 seconds
Number of updated asset objects reloaded before import = 0Number of asset objects unloaded after import = 3

========================================================================
Received Import Request.
  Time since last request: 0.000023 seconds.
  path: Assets/Scenes/CatBorg Studio/3D Pirates Lowpoly Pack/Prefabs/03_FishermanHouse_FishermanStand_2.prefab
  artifactKey: Guid(df1a50ae0ab3ac54591ca8e15032c9f2) Importer(2089858483,d624ce77472d68a35037170ec1d2d27e)
Start importing Assets/Scenes/CatBorg Studio/3D Pirates Lowpoly Pack/Prefabs/03_FishermanHouse_FishermanStand_2.prefab using Guid(df1a50ae0ab3ac54591ca8e15032c9f2) Importer(2089858483,d624ce77472d68a35037170ec1d2d27e) (ScriptedImporter) -> (artifact id: '73a9916ba197dce8c912a64d619fd2c5') in 0.0562454 seconds
Number of updated asset objects reloaded before import = 0Number of asset objects unloaded after import = 8

========================================================================
Received Import Request.
  Time since last request: 0.000031 seconds.
  path: Assets/Scripts/Terrain/Niveles/nivel1/Filas/Fila.asset
  artifactKey: Guid(47cd723ad429dd54ba24e713f19e982e) Importer(2089858483,d624ce77472d68a35037170ec1d2d27e)
Start importing Assets/Scripts/Terrain/Niveles/nivel1/Filas/Fila.asset using Guid(47cd723ad429dd54ba24e713f19e982e) Importer(2089858483,d624ce77472d68a35037170ec1d2d27e) (ScriptedImporter) -> (artifact id: 'b4c6cd9fec9f715f00e3e618a704f203') in 0.0333003 seconds
Number of updated asset objects reloaded before import = 0Number of asset objects unloaded after import = 1

========================================================================
Received Import Request.
  Time since last request: 0.000026 seconds.
  path: Assets/DavePixel/PirateCoin HDRP/Demo/Demo/HDRP/Light inf/LightingData.asset
  artifactKey: Guid(1956741efa15b574184cb420021743d6) Importer(2089858483,d624ce77472d68a35037170ec1d2d27e)
Start importing Assets/DavePixel/PirateCoin HDRP/Demo/Demo/HDRP/Light inf/LightingData.asset using Guid(1956741efa15b574184cb420021743d6) Importer(2089858483,d624ce77472d68a35037170ec1d2d27e) (ScriptedImporter) -> (artifact id: '9693eafb897c2cba3c250b47d2971210') in 0.0498484 seconds
Number of updated asset objects reloaded before import = 0Number of asset objects unloaded after import = 2

========================================================================
Received Import Request.
  Time since last request: 0.000037 seconds.
  path: Assets/Makaka Games/Publisher/Everyday Tools/SceneControl/Prefabs/Canvases/CanvasSreenFaderOverlay.prefab
  artifactKey: Guid(bab15e9ad04fe48f18f9b2ae20e827b8) Importer(2089858483,d624ce77472d68a35037170ec1d2d27e)
Start importing Assets/Makaka Games/Publisher/Everyday Tools/SceneControl/Prefabs/Canvases/CanvasSreenFaderOverlay.prefab using Guid(bab15e9ad04fe48f18f9b2ae20e827b8) Importer(2089858483,d624ce77472d68a35037170ec1d2d27e) (ScriptedImporter) -> (artifact id: '80ab0c2630fa56e98682e327d4e90fdb') in 0.0719145 seconds
Number of updated asset objects reloaded before import = 0Number of asset objects unloaded after import = 27

========================================================================
Received Import Request.
  Time since last request: 0.000025 seconds.
  path: Assets/DavePixel/PirateCoin HDRP/Demo/Demo/HDRP/Light inf/ReflectionProbe-0.exr
  artifactKey: Guid(4e99d6fbfa0fdda4a9ada255e6fc364d) Importer(2089858483,d624ce77472d68a35037170ec1d2d27e)
Start importing Assets/DavePixel/PirateCoin HDRP/Demo/Demo/HDRP/Light inf/ReflectionProbe-0.exr using Guid(4e99d6fbfa0fdda4a9ada255e6fc364d) Importer(2089858483,d624ce77472d68a35037170ec1d2d27e) (ScriptedImporter) -> (artifact id: '4d810402a2ed2f11444fc8d503c399be') in 0.0511053 seconds
Number of updated asset objects reloaded before import = 0Number of asset objects unloaded after import = 1

========================================================================
Received Import Request.
  Time since last request: 0.000032 seconds.
  path: Assets/Scripts/Terrain/Niveles/nivel1/Filas/Fila 1.asset
  artifactKey: Guid(ea9eec85f91290c4d9d2551319c248b3) Importer(2089858483,d624ce77472d68a35037170ec1d2d27e)
Start importing Assets/Scripts/Terrain/Niveles/nivel1/Filas/Fila 1.asset using Guid(ea9eec85f91290c4d9d2551319c248b3) Importer(2089858483,d624ce77472d68a35037170ec1d2d27e) (ScriptedImporter) -> (artifact id: '5ea0220ec4e4da6565ac2b652c937449') in 0.0225233 seconds
Number of updated asset objects reloaded before import = 0Number of asset objects unloaded after import = 1

========================================================================
Received Import Request.
  Time since last request: 0.000034 seconds.
  path: Assets/Makaka Games/Publisher/Everyday Tools/SceneControl/Prefabs/LoadingAnimation/LoadingAnimation.prefab
  artifactKey: Guid(7fb5665584d7343238d6efabd7addf5d) Importer(2089858483,d624ce77472d68a35037170ec1d2d27e)
Start importing Assets/Makaka Games/Publisher/Everyday Tools/SceneControl/Prefabs/LoadingAnimation/LoadingAnimation.prefab using Guid(7fb5665584d7343238d6efabd7addf5d) Importer(2089858483,d624ce77472d68a35037170ec1d2d27e) (ScriptedImporter) -> (artifact id: '8ee84129000ef5aa21ae41af8bd4f8f7') in 0.0625186 seconds
Number of updated asset objects reloaded before import = 0Number of asset objects unloaded after import = 12

========================================================================
Received Import Request.
  Time since last request: 0.000031 seconds.
  path: Assets/DavePixel/PirateCoin HDRP/Demo/Demo/HDRP/Light inf/Sky and Fog Settings Profile.asset
  artifactKey: Guid(914435a671753f1409006e608e8d7c15) Importer(2089858483,d624ce77472d68a35037170ec1d2d27e)
Start importing Assets/DavePixel/PirateCoin HDRP/Demo/Demo/HDRP/Light inf/Sky and Fog Settings Profile.asset using Guid(914435a671753f1409006e608e8d7c15) Importer(2089858483,d624ce77472d68a35037170ec1d2d27e) (ScriptedImporter) -> (artifact id: '2b1f506c50fe8b474399d0f594a2da62') in 0.0384216 seconds
Number of updated asset objects reloaded before import = 0Number of asset objects unloaded after import = 1

========================================================================
Received Import Request.
  Time since last request: 0.000027 seconds.
  path: Assets/Makaka Games/Publisher/Everyday Tools/SceneControl/Scripts/LoadingAnimation/LoadingAnimationControl.cs
  artifactKey: Guid(bc839c0462b3d44eda22f76c085ac3e1) Importer(2089858483,d624ce77472d68a35037170ec1d2d27e)
Start importing Assets/Makaka Games/Publisher/Everyday Tools/SceneControl/Scripts/LoadingAnimation/LoadingAnimationControl.cs using Guid(bc839c0462b3d44eda22f76c085ac3e1) Importer(2089858483,d624ce77472d68a35037170ec1d2d27e) (ScriptedImporter) -> (artifact id: 'cdc4f5b1a13f58010d800645c4062a83') in 0.0217552 seconds
Number of updated asset objects reloaded before import = 0Number of asset objects unloaded after import = 0

========================================================================
Received Import Request.
  Time since last request: 0.000053 seconds.
  path: Assets/Makaka Games/Publisher/Everyday Tools/SceneControl/Prefabs/Buttons/ButtonResetShadow.prefab
  artifactKey: Guid(b9d58894cd9974d4dbe53c18cf43d365) Importer(2089858483,d624ce77472d68a35037170ec1d2d27e)
Start importing Assets/Makaka Games/Publisher/Everyday Tools/SceneControl/Prefabs/Buttons/ButtonResetShadow.prefab using Guid(b9d58894cd9974d4dbe53c18cf43d365) Importer(2089858483,d624ce77472d68a35037170ec1d2d27e) (ScriptedImporter) -> (artifact id: '9ef4c3e29d9fe34a83dd843155ad2ad1') in 0.0470869 seconds
Number of updated asset objects reloaded before import = 0Number of asset objects unloaded after import = 13

========================================================================
Received Import Request.
  Time since last request: 0.000026 seconds.
  path: Assets/Makaka Games/Publisher/Everyday Tools/SceneControl/Prefabs/LoadingAnimation/ButtonStartLoadingAnimation.prefab
  artifactKey: Guid(5b5b3ff6fbdce4cd7b93ad5746c1097e) Importer(2089858483,d624ce77472d68a35037170ec1d2d27e)
Start importing Assets/Makaka Games/Publisher/Everyday Tools/SceneControl/Prefabs/LoadingAnimation/ButtonStartLoadingAnimation.prefab using Guid(5b5b3ff6fbdce4cd7b93ad5746c1097e) Importer(2089858483,d624ce77472d68a35037170ec1d2d27e) (ScriptedImporter) -> (artifact id: '5e84cb06d323dbbc04f7207eaa2bbe7c') in 0.0747751 seconds
Number of updated asset objects reloaded before import = 0Number of asset objects unloaded after import = 24

========================================================================
Received Import Request.
  Time since last request: 0.000027 seconds.
  path: Assets/Makaka Games/Publisher/Everyday Tools/SceneControl/Scripts/LoadScreen/LoadScreenProgressControl.cs
  artifactKey: Guid(8710c1c533bb44b7a6bd984c8af3ad0f) Importer(2089858483,d624ce77472d68a35037170ec1d2d27e)
Start importing Assets/Makaka Games/Publisher/Everyday Tools/SceneControl/Scripts/LoadScreen/LoadScreenProgressControl.cs using Guid(8710c1c533bb44b7a6bd984c8af3ad0f) Importer(2089858483,d624ce77472d68a35037170ec1d2d27e) (ScriptedImporter) -> (artifact id: 'b5c7f368f10c1165b84720ce71311a3c') in 0.0236957 seconds
Number of updated asset objects reloaded before import = 0Number of asset objects unloaded after import = 0

========================================================================
Received Import Request.
  Time since last request: 0.000078 seconds.
  path: Assets/Makaka Games/Publisher/Everyday Tools/SceneControl/Scripts/TestDontDestroy/DontDestroyOnLoadCustom.cs
  artifactKey: Guid(a12d89189a8cf4b7ba0e3b4e1b38c402) Importer(2089858483,d624ce77472d68a35037170ec1d2d27e)
Start importing Assets/Makaka Games/Publisher/Everyday Tools/SceneControl/Scripts/TestDontDestroy/DontDestroyOnLoadCustom.cs using Guid(a12d89189a8cf4b7ba0e3b4e1b38c402) Importer(2089858483,d624ce77472d68a35037170ec1d2d27e) (ScriptedImporter) -> (artifact id: '171da45cd0fe23cf00235e2b9a78450f') in 0.02133 seconds
Number of updated asset objects reloaded before import = 0Number of asset objects unloaded after import = 0

========================================================================
Received Import Request.
  Time since last request: 0.000086 seconds.
  path: Assets/DavePixel/PirateCoin HDRP/Demo/Demo/HDRP/Light inf/New Lighting Settings.lighting
  artifactKey: Guid(b60af1e14993ed84aa12bb9e3c79ce25) Importer(2089858483,d624ce77472d68a35037170ec1d2d27e)
Start importing Assets/DavePixel/PirateCoin HDRP/Demo/Demo/HDRP/Light inf/New Lighting Settings.lighting using Guid(b60af1e14993ed84aa12bb9e3c79ce25) Importer(2089858483,d624ce77472d68a35037170ec1d2d27e) (ScriptedImporter)LightingSettings: switching bake backend from 2 to 1.
 -> (artifact id: 'dc14bcab14f32c8adc57675d6c425040') in 0.0913347 seconds
Number of updated asset objects reloaded before import = 0Number of asset objects unloaded after import = 1

========================================================================
Received Import Request.
  Time since last request: 0.000107 seconds.
  path: Assets/Makaka Games/Mobile Game Icon Pack/Sprites/128x128/button_score_25.png
  artifactKey: Guid(782ab884749f54beda154290ffac7342) Importer(2089858483,d624ce77472d68a35037170ec1d2d27e)
Start importing Assets/Makaka Games/Mobile Game Icon Pack/Sprites/128x128/button_score_25.png using Guid(782ab884749f54beda154290ffac7342) Importer(2089858483,d624ce77472d68a35037170ec1d2d27e) (ScriptedImporter) -> (artifact id: '7ea848ae731141507a37264324256869') in 0.0454883 seconds
Number of updated asset objects reloaded before import = 0Number of asset objects unloaded after import = 3

========================================================================
Received Import Request.
  Time since last request: 0.000023 seconds.
  path: Assets/Makaka Games/Mobile Game Icon Pack/Sprites/64x64/button_no_ads.png
  artifactKey: Guid(74c388ced2e7d4b83992a98b59f15311) Importer(2089858483,d624ce77472d68a35037170ec1d2d27e)
Start importing Assets/Makaka Games/Mobile Game Icon Pack/Sprites/64x64/button_no_ads.png using Guid(74c388ced2e7d4b83992a98b59f15311) Importer(2089858483,d624ce77472d68a35037170ec1d2d27e) (ScriptedImporter) -> (artifact id: 'feb35c62e0d11c184f58655cf0ca7a7a') in 0.0449986 seconds
Number of updated asset objects reloaded before import = 0Number of asset objects unloaded after import = 3

========================================================================
Received Import Request.
  Time since last request: 0.000033 seconds.
  path: Assets/Makaka Games/Mobile Game Icon Pack/Sprites/128x128/button_score_600.png
  artifactKey: Guid(30d39acce1cff49cd918f2bde033154b) Importer(2089858483,d624ce77472d68a35037170ec1d2d27e)
Start importing Assets/Makaka Games/Mobile Game Icon Pack/Sprites/128x128/button_score_600.png using Guid(30d39acce1cff49cd918f2bde033154b) Importer(2089858483,d624ce77472d68a35037170ec1d2d27e) (ScriptedImporter) -> (artifact id: 'c1c6fa68aec648bfb13a85442fb2d0d2') in 0.0475351 seconds
Number of updated asset objects reloaded before import = 0Number of asset objects unloaded after import = 3

========================================================================
Received Import Request.
  Time since last request: 0.000034 seconds.
  path: Assets/Makaka Games/Mobile Game Icon Pack/Sprites/64x64/button_score_950.png
  artifactKey: Guid(10743b97bce0b4cdca100eec51567997) Importer(2089858483,d624ce77472d68a35037170ec1d2d27e)
Start importing Assets/Makaka Games/Mobile Game Icon Pack/Sprites/64x64/button_score_950.png using Guid(10743b97bce0b4cdca100eec51567997) Importer(2089858483,d624ce77472d68a35037170ec1d2d27e) (ScriptedImporter) -> (artifact id: '8de6a0dff649fc14ca29a5850b8179fa') in 0.0472941 seconds
Number of updated asset objects reloaded before import = 0Number of asset objects unloaded after import = 3

========================================================================
Received Import Request.
  Time since last request: 0.000030 seconds.
  path: Assets/Makaka Games/Mobile Game Icon Pack/Sprites/128x128/button_score_200.png
  artifactKey: Guid(f5f7a1ffe2a334783bffd66e914cfb78) Importer(2089858483,d624ce77472d68a35037170ec1d2d27e)
Start importing Assets/Makaka Games/Mobile Game Icon Pack/Sprites/128x128/button_score_200.png using Guid(f5f7a1ffe2a334783bffd66e914cfb78) Importer(2089858483,d624ce77472d68a35037170ec1d2d27e) (ScriptedImporter) -> (artifact id: 'aaeff0f0b9c51f35a45336769a1086be') in 0.0682003 seconds
Number of updated asset objects reloaded before import = 0Number of asset objects unloaded after import = 3

========================================================================
Received Import Request.
  Time since last request: 0.000027 seconds.
  path: Assets/Makaka Games/Mobile Game Icon Pack/Sprites/64x64/button_score_8.png
  artifactKey: Guid(2e63c5f5203564575a45bbac040fc7b2) Importer(2089858483,d624ce77472d68a35037170ec1d2d27e)
Start importing Assets/Makaka Games/Mobile Game Icon Pack/Sprites/64x64/button_score_8.png using Guid(2e63c5f5203564575a45bbac040fc7b2) Importer(2089858483,d624ce77472d68a35037170ec1d2d27e) (ScriptedImporter) -> (artifact id: 'c9235a994417276e66ae6cb5d74047ff') in 0.0507856 seconds
Number of updated asset objects reloaded before import = 0Number of asset objects unloaded after import = 3

========================================================================
Received Import Request.
  Time since last request: 0.000023 seconds.
  path: Assets/Scenes/CatBorg Studio/3D Pirates Lowpoly Pack/Models/02_Market_Banner_Barrels.fbx
  artifactKey: Guid(49e272a6035c131408a2014d7e13bbdd) Importer(2089858483,d624ce77472d68a35037170ec1d2d27e)
Start importing Assets/Scenes/CatBorg Studio/3D Pirates Lowpoly Pack/Models/02_Market_Banner_Barrels.fbx using Guid(49e272a6035c131408a2014d7e13bbdd) Importer(2089858483,d624ce77472d68a35037170ec1d2d27e) (ScriptedImporter) -> (artifact id: '5580ed7193f600268161d41278bc33b5') in 0.0671528 seconds
Number of updated asset objects reloaded before import = 0Number of asset objects unloaded after import = 8

========================================================================
Received Import Request.
  Time since last request: 0.000028 seconds.
  path: Assets/Makaka Games/Publisher/Everyday Tools/SceneControl/Scenes/LoadScreenSettings.lighting
  artifactKey: Guid(f10bb6ffe7c534f68af31c522ee75ba3) Importer(2089858483,d624ce77472d68a35037170ec1d2d27e)
Start importing Assets/Makaka Games/Publisher/Everyday Tools/SceneControl/Scenes/LoadScreenSettings.lighting using Guid(f10bb6ffe7c534f68af31c522ee75ba3) Importer(2089858483,d624ce77472d68a35037170ec1d2d27e) (ScriptedImporter) -> (artifact id: '2807868176d1e57c155287931170d389') in 0.0603974 seconds
Number of updated asset objects reloaded before import = 0Number of asset objects unloaded after import = 1

========================================================================
Received Import Request.
  Time since last request: 0.000036 seconds.
  path: Assets/Unity UI Samples/Textures and Sprites/Lit UI/DiagonalSpritesNormal.psd
  artifactKey: Guid(022a5dbc82be311428eec45125477996) Importer(2089858483,d624ce77472d68a35037170ec1d2d27e)
Start importing Assets/Unity UI Samples/Textures and Sprites/Lit UI/DiagonalSpritesNormal.psd using Guid(022a5dbc82be311428eec45125477996) Importer(2089858483,d624ce77472d68a35037170ec1d2d27e) (ScriptedImporter) -> (artifact id: '5f6eef86e919947e43fa45d2dc0a31ef') in 0.0457061 seconds
Number of updated asset objects reloaded before import = 0Number of asset objects unloaded after import = 1

========================================================================
Received Import Request.
  Time since last request: 0.000029 seconds.
  path: Assets/Makaka Games/Mobile Game Icon Pack/Sprites/128x128/button_score_9.png
  artifactKey: Guid(d9654015344ac4c91973b86b01bee386) Importer(2089858483,d624ce77472d68a35037170ec1d2d27e)
Start importing Assets/Makaka Games/Mobile Game Icon Pack/Sprites/128x128/button_score_9.png using Guid(d9654015344ac4c91973b86b01bee386) Importer(2089858483,d624ce77472d68a35037170ec1d2d27e) (ScriptedImporter) -> (artifact id: '37672605015adbaa88e2f8b894d850a1') in 0.040982 seconds
Number of updated asset objects reloaded before import = 0Number of asset objects unloaded after import = 3

========================================================================
Received Import Request.
  Time since last request: 0.000028 seconds.
  path: Assets/Scenes/CatBorg Studio/3D Pirates Lowpoly Pack/Prefabs/02_Market_Crate_3.prefab
  artifactKey: Guid(9de500b5ea6b34441b0ddda838c5ea84) Importer(2089858483,d624ce77472d68a35037170ec1d2d27e)
Start importing Assets/Scenes/CatBorg Studio/3D Pirates Lowpoly Pack/Prefabs/02_Market_Crate_3.prefab using Guid(9de500b5ea6b34441b0ddda838c5ea84) Importer(2089858483,d624ce77472d68a35037170ec1d2d27e) (ScriptedImporter) -> (artifact id: '71321725b1276e2fc2ddba490fb2cd4b') in 0.0447269 seconds
Number of updated asset objects reloaded before import = 0Number of asset objects unloaded after import = 8

========================================================================
Received Import Request.
  Time since last request: 0.000027 seconds.
  path: Assets/Makaka Games/Publisher/Everyday Tools/SceneControl/Scripts/CacheControl.cs
  artifactKey: Guid(f982e10f719ce42ca8d00c7d7814f407) Importer(2089858483,d624ce77472d68a35037170ec1d2d27e)
Start importing Assets/Makaka Games/Publisher/Everyday Tools/SceneControl/Scripts/CacheControl.cs using Guid(f982e10f719ce42ca8d00c7d7814f407) Importer(2089858483,d624ce77472d68a35037170ec1d2d27e) (ScriptedImporter) -> (artifact id: '501335a8a943a0c42bafc6c38b93a1c3') in 0.020327 seconds
Number of updated asset objects reloaded before import = 0Number of asset objects unloaded after import = 0

========================================================================
Received Import Request.
  Time since last request: 0.000101 seconds.
  path: Assets/Makaka Games/Mobile Game Icon Pack/Sprites/128x128/button_score_3k.png
  artifactKey: Guid(c9490da07a55b446198a7cf09495e022) Importer(2089858483,d624ce77472d68a35037170ec1d2d27e)
Start importing Assets/Makaka Games/Mobile Game Icon Pack/Sprites/128x128/button_score_3k.png using Guid(c9490da07a55b446198a7cf09495e022) Importer(2089858483,d624ce77472d68a35037170ec1d2d27e) (ScriptedImporter) -> (artifact id: 'b0f801a0cf40c121c9394ba3f55b5bf1') in 0.0391119 seconds
Number of updated asset objects reloaded before import = 0Number of asset objects unloaded after import = 3

========================================================================
Received Import Request.
  Time since last request: 0.000029 seconds.
  path: Assets/Unity UI Samples/Textures and Sprites/Decoration/Icon3.png
  artifactKey: Guid(e484876f0cfbe8d46981ae0062b5e77f) Importer(2089858483,d624ce77472d68a35037170ec1d2d27e)
Start importing Assets/Unity UI Samples/Textures and Sprites/Decoration/Icon3.png using Guid(e484876f0cfbe8d46981ae0062b5e77f) Importer(2089858483,d624ce77472d68a35037170ec1d2d27e) (ScriptedImporter) -> (artifact id: 'b17c9c8c9123c83f500cbaca7a9aa364') in 0.0424693 seconds
Number of updated asset objects reloaded before import = 0Number of asset objects unloaded after import = 3

========================================================================
Received Import Request.
  Time since last request: 0.000025 seconds.
  path: Assets/Makaka Games/Mobile Game Icon Pack/Sprites/128x128/button_score_0.png
  artifactKey: Guid(90966b7196f944a3d89e9f3eca9ddfc1) Importer(2089858483,d624ce77472d68a35037170ec1d2d27e)
Start importing Assets/Makaka Games/Mobile Game Icon Pack/Sprites/128x128/button_score_0.png using Guid(90966b7196f944a3d89e9f3eca9ddfc1) Importer(2089858483,d624ce77472d68a35037170ec1d2d27e) (ScriptedImporter) -> (artifact id: '24f07bd372262e517ff27c791415de90') in 0.0307489 seconds
Number of updated asset objects reloaded before import = 0Number of asset objects unloaded after import = 3

========================================================================
Received Import Request.
  Time since last request: 0.000035 seconds.
  path: Assets/Makaka Games/Mobile Game Icon Pack/Sprites/64x64/button_score_850.png
  artifactKey: Guid(2a408b42c6bfe48b489588a121facbd3) Importer(2089858483,d624ce77472d68a35037170ec1d2d27e)
Start importing Assets/Makaka Games/Mobile Game Icon Pack/Sprites/64x64/button_score_850.png using Guid(2a408b42c6bfe48b489588a121facbd3) Importer(2089858483,d624ce77472d68a35037170ec1d2d27e) (ScriptedImporter) -> (artifact id: '07e4ed698110d863c8b1fc980d734c62') in 0.0415394 seconds
Number of updated asset objects reloaded before import = 0Number of asset objects unloaded after import = 3

========================================================================
Received Import Request.
  Time since last request: 0.000026 seconds.
  path: Assets/DavePixel/PirateCoin/Textures/Gold/Coin_Low_lambert1_Roughness.png
  artifactKey: Guid(946a86598bec1524fb86f214946890c7) Importer(2089858483,d624ce77472d68a35037170ec1d2d27e)
Start importing Assets/DavePixel/PirateCoin/Textures/Gold/Coin_Low_lambert1_Roughness.png using Guid(946a86598bec1524fb86f214946890c7) Importer(2089858483,d624ce77472d68a35037170ec1d2d27e) (ScriptedImporter) -> (artifact id: '020465a5ac8659e055e2530b90483753') in 0.0400778 seconds
Number of updated asset objects reloaded before import = 0Number of asset objects unloaded after import = 1

========================================================================
Received Import Request.
  Time since last request: 0.000025 seconds.
  path: Assets/Makaka Games/Publisher/Everyday Tools/SceneControl/Prefabs/Buttons/ButtonSwitch.prefab
  artifactKey: Guid(1ca681650ab0e4e179c825d9fa4ec72e) Importer(2089858483,d624ce77472d68a35037170ec1d2d27e)
Start importing Assets/Makaka Games/Publisher/Everyday Tools/SceneControl/Prefabs/Buttons/ButtonSwitch.prefab using Guid(1ca681650ab0e4e179c825d9fa4ec72e) Importer(2089858483,d624ce77472d68a35037170ec1d2d27e) (ScriptedImporter) -> (artifact id: 'f606e218b84a819c33d2a98efdc081f8') in 0.0457281 seconds
Number of updated asset objects reloaded before import = 0Number of asset objects unloaded after import = 13

========================================================================
Received Import Request.
  Time since last request: 0.000021 seconds.
  path: Assets/Makaka Games/Mobile Game Icon Pack/Sprites/64x64/button_play.png
  artifactKey: Guid(1b3816febecff4b6d9c7fd8e0e2db91a) Importer(2089858483,d624ce77472d68a35037170ec1d2d27e)
Start importing Assets/Makaka Games/Mobile Game Icon Pack/Sprites/64x64/button_play.png using Guid(1b3816febecff4b6d9c7fd8e0e2db91a) Importer(2089858483,d624ce77472d68a35037170ec1d2d27e) (ScriptedImporter) -> (artifact id: '9f8ea62ea380b0e144b072b7a963a4d2') in 0.0421081 seconds
Number of updated asset objects reloaded before import = 0Number of asset objects unloaded after import = 3

========================================================================
Received Import Request.
  Time since last request: 0.000031 seconds.
  path: Assets/Makaka Games/Mobile Game Icon Pack/Sprites/64x64/button_score_250.png
  artifactKey: Guid(4cecb307f1c7a4776be20e5e91e26a54) Importer(2089858483,d624ce77472d68a35037170ec1d2d27e)
Start importing Assets/Makaka Games/Mobile Game Icon Pack/Sprites/64x64/button_score_250.png using Guid(4cecb307f1c7a4776be20e5e91e26a54) Importer(2089858483,d624ce77472d68a35037170ec1d2d27e) (ScriptedImporter) -> (artifact id: '06b8a5c12f7db4fefad0623d0f3fb05c') in 0.044441 seconds
Number of updated asset objects reloaded before import = 0Number of asset objects unloaded after import = 3

========================================================================
Received Import Request.
  Time since last request: 0.000028 seconds.
  path: Assets/Hovl Studio/Magic effects pack/Prefabs/AoE effects/Laser AOE.prefab
  artifactKey: Guid(4d3c8045dd8857a4b8d34c2361c61045) Importer(2089858483,d624ce77472d68a35037170ec1d2d27e)
Start importing Assets/Hovl Studio/Magic effects pack/Prefabs/AoE effects/Laser AOE.prefab using Guid(4d3c8045dd8857a4b8d34c2361c61045) Importer(2089858483,d624ce77472d68a35037170ec1d2d27e) (ScriptedImporter) -> (artifact id: 'ec26830c98f6aa41f49724993f117b4d') in 0.07812 seconds
Number of updated asset objects reloaded before import = 0Number of asset objects unloaded after import = 48

========================================================================
Received Import Request.
  Time since last request: 0.000035 seconds.
  path: Assets/Scenes/CatBorg Studio/3D Pirates Lowpoly Pack/Models/04_CannonShop_CannonBall_Stack_2.fbx
  artifactKey: Guid(218e3a2240f40ea48bd8cbc6619377f4) Importer(2089858483,d624ce77472d68a35037170ec1d2d27e)
Start importing Assets/Scenes/CatBorg Studio/3D Pirates Lowpoly Pack/Models/04_CannonShop_CannonBall_Stack_2.fbx using Guid(218e3a2240f40ea48bd8cbc6619377f4) Importer(2089858483,d624ce77472d68a35037170ec1d2d27e) (ScriptedImporter) -> (artifact id: 'bb28ad688c03b6606a5c350937db7e60') in 0.0359964 seconds
Number of updated asset objects reloaded before import = 0Number of asset objects unloaded after import = 8

========================================================================
Received Import Request.
  Time since last request: 0.000029 seconds.
  path: Assets/Scenes/CatBorg Studio/3D Pirates Lowpoly Pack/Prefabs/03_FishermanHouse_FishTrap.prefab
  artifactKey: Guid(99be4f0b47e59b34781dc43c70252c22) Importer(2089858483,d624ce77472d68a35037170ec1d2d27e)
Start importing Assets/Scenes/CatBorg Studio/3D Pirates Lowpoly Pack/Prefabs/03_FishermanHouse_FishTrap.prefab using Guid(99be4f0b47e59b34781dc43c70252c22) Importer(2089858483,d624ce77472d68a35037170ec1d2d27e) (ScriptedImporter) -> (artifact id: 'ed0667260523485606b05d33368e2e81') in 0.0337266 seconds
Number of updated asset objects reloaded before import = 0Number of asset objects unloaded after import = 8

========================================================================
Received Import Request.
  Time since last request: 0.000031 seconds.
  path: Assets/StoneUI/Buttons_512x512/Rock_Yellow/button_rock_yellow49.png
  artifactKey: Guid(a3edb101bb42ca94ea5d75cbe2e13a8d) Importer(2089858483,d624ce77472d68a35037170ec1d2d27e)
Start importing Assets/StoneUI/Buttons_512x512/Rock_Yellow/button_rock_yellow49.png using Guid(a3edb101bb42ca94ea5d75cbe2e13a8d) Importer(2089858483,d624ce77472d68a35037170ec1d2d27e) (ScriptedImporter) -> (artifact id: '86632f6e1cb0561c5eb88b5be4715029') in 0.0502051 seconds
Number of updated asset objects reloaded before import = 0Number of asset objects unloaded after import = 3

========================================================================
Received Import Request.
  Time since last request: 0.000021 seconds.
  path: Assets/Scenes/CatBorg Studio/3D Pirates Lowpoly Pack/Models/01_House_3.fbx
  artifactKey: Guid(2d1b39d101c03f844aa80059c86e7200) Importer(2089858483,d624ce77472d68a35037170ec1d2d27e)
Start importing Assets/Scenes/CatBorg Studio/3D Pirates Lowpoly Pack/Models/01_House_3.fbx using Guid(2d1b39d101c03f844aa80059c86e7200) Importer(2089858483,d624ce77472d68a35037170ec1d2d27e) (ScriptedImporter) -> (artifact id: '0dc80d4140572b3a8415940acd03fc99') in 0.0348812 seconds
Number of updated asset objects reloaded before import = 0Number of asset objects unloaded after import = 23

========================================================================
Received Import Request.
  Time since last request: 0.000029 seconds.
  path: Assets/Scenes/CatBorg Studio/3D Pirates Lowpoly Pack/Models/02_Market_Sack_Single.fbx
  artifactKey: Guid(20f67ae64b4325f4fbb54f59729b96d2) Importer(2089858483,d624ce77472d68a35037170ec1d2d27e)
Start importing Assets/Scenes/CatBorg Studio/3D Pirates Lowpoly Pack/Models/02_Market_Sack_Single.fbx using Guid(20f67ae64b4325f4fbb54f59729b96d2) Importer(2089858483,d624ce77472d68a35037170ec1d2d27e) (ScriptedImporter) -> (artifact id: '2978be4f57ef262771bc93f23b86590f') in 0.0316907 seconds
Number of updated asset objects reloaded before import = 0Number of asset objects unloaded after import = 8

========================================================================
Received Import Request.
  Time since last request: 0.000028 seconds.
  path: Assets/Scenes/CatBorg Studio/3D Pirates Lowpoly Pack/Models/07_Tavern_Banner.fbx
  artifactKey: Guid(72145ee31c13a2b48ade686eaeb75584) Importer(2089858483,d624ce77472d68a35037170ec1d2d27e)
Start importing Assets/Scenes/CatBorg Studio/3D Pirates Lowpoly Pack/Models/07_Tavern_Banner.fbx using Guid(72145ee31c13a2b48ade686eaeb75584) Importer(2089858483,d624ce77472d68a35037170ec1d2d27e) (ScriptedImporter) -> (artifact id: '0ebb07a9e2df1c0982cd20d42df1bda9') in 0.0307725 seconds
Number of updated asset objects reloaded before import = 0Number of asset objects unloaded after import = 8

========================================================================
Received Import Request.
  Time since last request: 0.000032 seconds.
  path: Assets/Scenes/CatBorg Studio/3D Pirates Lowpoly Pack/Models/04_CannonShop_Cannon_Mold_Crashed.fbx
  artifactKey: Guid(87af976a6688bbf4ca9e8cd623cb5972) Importer(2089858483,d624ce77472d68a35037170ec1d2d27e)
Start importing Assets/Scenes/CatBorg Studio/3D Pirates Lowpoly Pack/Models/04_CannonShop_Cannon_Mold_Crashed.fbx using Guid(87af976a6688bbf4ca9e8cd623cb5972) Importer(2089858483,d624ce77472d68a35037170ec1d2d27e) (ScriptedImporter) -> (artifact id: 'a6352636c9b67fcdedd3300c6563df2b') in 0.0315616 seconds
Number of updated asset objects reloaded before import = 0Number of asset objects unloaded after import = 8

========================================================================
Received Import Request.
  Time since last request: 0.000037 seconds.
  path: Assets/Scenes/CatBorg Studio/3D Pirates Lowpoly Pack/Prefabs/05_Destilery_Banner_Destilary.prefab
  artifactKey: Guid(db6ba1465b71d5d49abf7181248ea33c) Importer(2089858483,d624ce77472d68a35037170ec1d2d27e)
Start importing Assets/Scenes/CatBorg Studio/3D Pirates Lowpoly Pack/Prefabs/05_Destilery_Banner_Destilary.prefab using Guid(db6ba1465b71d5d49abf7181248ea33c) Importer(2089858483,d624ce77472d68a35037170ec1d2d27e) (ScriptedImporter) -> (artifact id: 'ef44a926f42886489976c645f9684d8c') in 0.044636 seconds
Number of updated asset objects reloaded before import = 0Number of asset objects unloaded after import = 8

========================================================================
Received Import Request.
  Time since last request: 0.000024 seconds.
  path: Assets/Makaka Games/Mobile Game Icon Pack/Sprites/64x64/button_score_1k.png
  artifactKey: Guid(305d28dcdb1724b84855daf36327d4c9) Importer(2089858483,d624ce77472d68a35037170ec1d2d27e)
Start importing Assets/Makaka Games/Mobile Game Icon Pack/Sprites/64x64/button_score_1k.png using Guid(305d28dcdb1724b84855daf36327d4c9) Importer(2089858483,d624ce77472d68a35037170ec1d2d27e) (ScriptedImporter) -> (artifact id: '49b074d0457ea5cca46c6390ad12b41c') in 0.0441953 seconds
Number of updated asset objects reloaded before import = 0Number of asset objects unloaded after import = 3

========================================================================
Received Import Request.
  Time since last request: 0.000033 seconds.
  path: Assets/Scenes/CatBorg Studio/3D Pirates Lowpoly Pack/Models/04_CannonShop_Cannon_Mold_Empty.fbx
  artifactKey: Guid(d1132d7690a564d41b9424a08b454691) Importer(2089858483,d624ce77472d68a35037170ec1d2d27e)
Start importing Assets/Scenes/CatBorg Studio/3D Pirates Lowpoly Pack/Models/04_CannonShop_Cannon_Mold_Empty.fbx using Guid(d1132d7690a564d41b9424a08b454691) Importer(2089858483,d624ce77472d68a35037170ec1d2d27e) (ScriptedImporter) -> (artifact id: 'cdd058bc36efc82e20441db062cb6698') in 0.0713978 seconds
Number of updated asset objects reloaded before import = 0Number of asset objects unloaded after import = 8

========================================================================
Received Import Request.
  Time since last request: 0.000061 seconds.
  path: Assets/Unity UI Samples/Animation/MainMenu/Closed.anim
  artifactKey: Guid(ee7104d2ffb92f84a9d1ac3411c1c12f) Importer(2089858483,d624ce77472d68a35037170ec1d2d27e)
Start importing Assets/Unity UI Samples/Animation/MainMenu/Closed.anim using Guid(ee7104d2ffb92f84a9d1ac3411c1c12f) Importer(2089858483,d624ce77472d68a35037170ec1d2d27e) (ScriptedImporter) -> (artifact id: '5f10e91bb183c1a12a9a06e3fb130aa7') in 0.0503626 seconds
Number of updated asset objects reloaded before import = 0Number of asset objects unloaded after import = 1

========================================================================
Received Import Request.
  Time since last request: 0.000028 seconds.
  path: Assets/Scripts/Terrain/Niveles/nivel1/Cuadricula.asset
  artifactKey: Guid(9a43d5ab78ac61d429955430121de4e1) Importer(2089858483,d624ce77472d68a35037170ec1d2d27e)
Start importing Assets/Scripts/Terrain/Niveles/nivel1/Cuadricula.asset using Guid(9a43d5ab78ac61d429955430121de4e1) Importer(2089858483,d624ce77472d68a35037170ec1d2d27e) (ScriptedImporter) -> (artifact id: '0c230879f5ad040286619701afad6dc1') in 0.020137 seconds
Number of updated asset objects reloaded before import = 0Number of asset objects unloaded after import = 4

========================================================================
Received Import Request.
  Time since last request: 0.000039 seconds.
  path: Assets/Makaka Games/Mobile Game Icon Pack/Sprites/64x64/button_score_100.png
  artifactKey: Guid(89307074c33ef4e71a4ca72034653b74) Importer(2089858483,d624ce77472d68a35037170ec1d2d27e)
Start importing Assets/Makaka Games/Mobile Game Icon Pack/Sprites/64x64/button_score_100.png using Guid(89307074c33ef4e71a4ca72034653b74) Importer(2089858483,d624ce77472d68a35037170ec1d2d27e) (ScriptedImporter) -> (artifact id: 'ac75b8240adba83b7706075b7dd00e1f') in 0.0479593 seconds
Number of updated asset objects reloaded before import = 0Number of asset objects unloaded after import = 3

========================================================================
Received Import Request.
  Time since last request: 0.000023 seconds.
  path: Assets/Scenes/CatBorg Studio/3D Pirates Lowpoly Pack/Prefabs/02_Market_Barrel_WithCrane.prefab
  artifactKey: Guid(dfa6b47b89aa97c4fb50a2f4bf0f00d2) Importer(2089858483,d624ce77472d68a35037170ec1d2d27e)
Start importing Assets/Scenes/CatBorg Studio/3D Pirates Lowpoly Pack/Prefabs/02_Market_Barrel_WithCrane.prefab using Guid(dfa6b47b89aa97c4fb50a2f4bf0f00d2) Importer(2089858483,d624ce77472d68a35037170ec1d2d27e) (ScriptedImporter) -> (artifact id: 'e52670427e250c3140c534135e30d1ec') in 0.0380388 seconds
Number of updated asset objects reloaded before import = 0Number of asset objects unloaded after import = 8

========================================================================
Received Import Request.
  Time since last request: 0.000023 seconds.
  path: Assets/Scenes/CatBorg Studio/3D Pirates Lowpoly Pack/Models/00_Island_4.fbx
  artifactKey: Guid(ec1fdaabbc0025c4b9b929094a3bee24) Importer(2089858483,d624ce77472d68a35037170ec1d2d27e)
Start importing Assets/Scenes/CatBorg Studio/3D Pirates Lowpoly Pack/Models/00_Island_4.fbx using Guid(ec1fdaabbc0025c4b9b929094a3bee24) Importer(2089858483,d624ce77472d68a35037170ec1d2d27e) (ScriptedImporter) -> (artifact id: 'dd3b441b5f1eab7c4eaadf5e94b37dff') in 0.0406766 seconds
Number of updated asset objects reloaded before import = 0Number of asset objects unloaded after import = 23

========================================================================
Received Import Request.
  Time since last request: 0.000024 seconds.
  path: Assets/Makaka Games/Mobile Game Icon Pack/Sprites/128x128/button_share.png
  artifactKey: Guid(ed2afd3f5fc8848fdbda533519808dfb) Importer(2089858483,d624ce77472d68a35037170ec1d2d27e)
Start importing Assets/Makaka Games/Mobile Game Icon Pack/Sprites/128x128/button_share.png using Guid(ed2afd3f5fc8848fdbda533519808dfb) Importer(2089858483,d624ce77472d68a35037170ec1d2d27e) (ScriptedImporter) -> (artifact id: 'cae0b60e796f47e09ff7979a3ffb84bb') in 0.0420181 seconds
Number of updated asset objects reloaded before import = 0Number of asset objects unloaded after import = 3

========================================================================
Received Import Request.
  Time since last request: 0.000023 seconds.
  path: Assets/Scenes/CatBorg Studio/3D Pirates Lowpoly Pack/Models/00_Island_6.fbx
  artifactKey: Guid(8203ee2186c848749828b5e6cb5e7acc) Importer(2089858483,d624ce77472d68a35037170ec1d2d27e)
Start importing Assets/Scenes/CatBorg Studio/3D Pirates Lowpoly Pack/Models/00_Island_6.fbx using Guid(8203ee2186c848749828b5e6cb5e7acc) Importer(2089858483,d624ce77472d68a35037170ec1d2d27e) (ScriptedImporter) -> (artifact id: 'c7aaf8adaaac0392387a9845c78dc310') in 0.0389675 seconds
Number of updated asset objects reloaded before import = 0Number of asset objects unloaded after import = 23

========================================================================
Received Import Request.
  Time since last request: 0.000025 seconds.
  path: Assets/Makaka Games/Mobile Game Icon Pack/Sprites/128x128/button_score_900.png
  artifactKey: Guid(fb6a7d5beb7ff47d28954b745719e290) Importer(2089858483,d624ce77472d68a35037170ec1d2d27e)
Start importing Assets/Makaka Games/Mobile Game Icon Pack/Sprites/128x128/button_score_900.png using Guid(fb6a7d5beb7ff47d28954b745719e290) Importer(2089858483,d624ce77472d68a35037170ec1d2d27e) (ScriptedImporter) -> (artifact id: '6b04ba5d793f81ff9387825b59047262') in 0.0423905 seconds
Number of updated asset objects reloaded before import = 0Number of asset objects unloaded after import = 3

========================================================================
Received Import Request.
  Time since last request: 0.000039 seconds.
  path: Assets/StoneUI/Buttons_512x512/Moss_Blue/button_moss_blue31.png
  artifactKey: Guid(e6a0eec1fb1aaee4c9a38ddc2b140022) Importer(2089858483,d624ce77472d68a35037170ec1d2d27e)
Start importing Assets/StoneUI/Buttons_512x512/Moss_Blue/button_moss_blue31.png using Guid(e6a0eec1fb1aaee4c9a38ddc2b140022) Importer(2089858483,d624ce77472d68a35037170ec1d2d27e) (ScriptedImporter) -> (artifact id: 'd615f6add416874bb664216dc1644a3c') in 0.0448831 seconds
Number of updated asset objects reloaded before import = 0Number of asset objects unloaded after import = 3

========================================================================
Received Import Request.
  Time since last request: 0.000030 seconds.
  path: Assets/Pirate/Animation_Test/Animator_Controller.controller
  artifactKey: Guid(f6ef3085c5087ae40a352ae36cb63891) Importer(2089858483,d624ce77472d68a35037170ec1d2d27e)
Start importing Assets/Pirate/Animation_Test/Animator_Controller.controller using Guid(f6ef3085c5087ae40a352ae36cb63891) Importer(2089858483,d624ce77472d68a35037170ec1d2d27e) (ScriptedImporter) -> (artifact id: 'b50a0bc9c5c483824b5991a99dc2494b') in 0.0530541 seconds
Number of updated asset objects reloaded before import = 0Number of asset objects unloaded after import = 6

========================================================================
Received Import Request.
  Time since last request: 0.000027 seconds.
  path: Assets/StoneUI/Samples/slider.png
  artifactKey: Guid(00c929a1e526a8f45b2600c040dacd00) Importer(2089858483,d624ce77472d68a35037170ec1d2d27e)
Start importing Assets/StoneUI/Samples/slider.png using Guid(00c929a1e526a8f45b2600c040dacd00) Importer(2089858483,d624ce77472d68a35037170ec1d2d27e) (ScriptedImporter) -> (artifact id: '5772ae1572be24bfc617c3c675adc5c9') in 0.0594615 seconds
Number of updated asset objects reloaded before import = 0Number of asset objects unloaded after import = 3

========================================================================
Received Import Request.
  Time since last request: 0.000030 seconds.
  path: Assets/StoneUI/Samples/button_moss_grey.png
  artifactKey: Guid(5eb6f4fe2d0b2bd4383796595ebddfc6) Importer(2089858483,d624ce77472d68a35037170ec1d2d27e)
Start importing Assets/StoneUI/Samples/button_moss_grey.png using Guid(5eb6f4fe2d0b2bd4383796595ebddfc6) Importer(2089858483,d624ce77472d68a35037170ec1d2d27e) (ScriptedImporter) -> (artifact id: '49a576bef121751b266eed86b41c7856') in 0.0506199 seconds
Number of updated asset objects reloaded before import = 0Number of asset objects unloaded after import = 3

========================================================================
Received Import Request.
  Time since last request: 0.000029 seconds.
  path: Assets/Stylish Cannon Pack/Cannon Pack/8.FBX
  artifactKey: Guid(d846de99b4f9c49d3b5bb96c5d9e5e40) Importer(2089858483,d624ce77472d68a35037170ec1d2d27e)
Start importing Assets/Stylish Cannon Pack/Cannon Pack/8.FBX using Guid(d846de99b4f9c49d3b5bb96c5d9e5e40) Importer(2089858483,d624ce77472d68a35037170ec1d2d27e) (ScriptedImporter) -> (artifact id: '1a2773c5778e9073cce3596797aaad3a') in 0.0788189 seconds
Number of updated asset objects reloaded before import = 0Number of asset objects unloaded after import = 179

========================================================================
Received Import Request.
  Time since last request: 0.000031 seconds.
  path: Assets/Pirate/Mesh/Pirate_Pistol.FBX
  artifactKey: Guid(4eaa3b34fca758645a293d116a595364) Importer(2089858483,d624ce77472d68a35037170ec1d2d27e)
Start importing Assets/Pirate/Mesh/Pirate_Pistol.FBX using Guid(4eaa3b34fca758645a293d116a595364) Importer(2089858483,d624ce77472d68a35037170ec1d2d27e) (ScriptedImporter) -> (artifact id: '415b853729cdca6393c9dab30773a06f') in 0.0448948 seconds
Number of updated asset objects reloaded before import = 0Number of asset objects unloaded after import = 8

========================================================================
Received Import Request.
  Time since last request: 0.000027 seconds.
  path: Assets/StoneUI/OtherUI_4k+/button25.png
  artifactKey: Guid(3647ab5049e23a14c97d14dc6daadf79) Importer(2089858483,d624ce77472d68a35037170ec1d2d27e)
Start importing Assets/StoneUI/OtherUI_4k+/button25.png using Guid(3647ab5049e23a14c97d14dc6daadf79) Importer(2089858483,d624ce77472d68a35037170ec1d2d27e) (ScriptedImporter) -> (artifact id: '6b6de68d0cd14496f90968b1cf495583') in 0.0435361 seconds
Number of updated asset objects reloaded before import = 0Number of asset objects unloaded after import = 3

========================================================================
Received Import Request.
  Time since last request: 0.000022 seconds.
  path: Assets/StoneUI/OtherUI_4k+/button_rock_greystar18b.png
  artifactKey: Guid(fb53df70b4a79ce4e830b5d92b65cab3) Importer(2089858483,d624ce77472d68a35037170ec1d2d27e)
Start importing Assets/StoneUI/OtherUI_4k+/button_rock_greystar18b.png using Guid(fb53df70b4a79ce4e830b5d92b65cab3) Importer(2089858483,d624ce77472d68a35037170ec1d2d27e) (ScriptedImporter) -> (artifact id: 'f996542ddd762537bff07a08d017ebfb') in 0.0456241 seconds
Number of updated asset objects reloaded before import = 0Number of asset objects unloaded after import = 3

========================================================================
Received Import Request.
  Time since last request: 0.000023 seconds.
  path: Assets/Pirate/Animation_Test/Walk@Test.FBX
  artifactKey: Guid(1c9e35f838875654ba0b195fbacf590f) Importer(2089858483,d624ce77472d68a35037170ec1d2d27e)
Start importing Assets/Pirate/Animation_Test/Walk@Test.FBX using Guid(1c9e35f838875654ba0b195fbacf590f) Importer(2089858483,d624ce77472d68a35037170ec1d2d27e) (ScriptedImporter) -> (artifact id: '5d56a9f5d7653da80de410284c75b4f3') in 0.0729713 seconds
Number of updated asset objects reloaded before import = 0Number of asset objects unloaded after import = 216

========================================================================
Received Import Request.
  Time since last request: 0.000035 seconds.
  path: Assets/StoneUI/OtherUI_4k+/button33.png
  artifactKey: Guid(77ac2905d497e2140b1a3db694393058) Importer(2089858483,d624ce77472d68a35037170ec1d2d27e)
Start importing Assets/StoneUI/OtherUI_4k+/button33.png using Guid(77ac2905d497e2140b1a3db694393058) Importer(2089858483,d624ce77472d68a35037170ec1d2d27e) (ScriptedImporter) -> (artifact id: '8c730f4851dda1d6e536caa161aa4232') in 0.0453045 seconds
Number of updated asset objects reloaded before import = 0Number of asset objects unloaded after import = 3

========================================================================
Received Import Request.
  Time since last request: 0.000039 seconds.
  path: Assets/Stylish Cannon Pack/Prefabs/Cannon_10.prefab
  artifactKey: Guid(b5f460c45a9ec496c9f4bacae7201c85) Importer(2089858483,d624ce77472d68a35037170ec1d2d27e)
Start importing Assets/Stylish Cannon Pack/Prefabs/Cannon_10.prefab using Guid(b5f460c45a9ec496c9f4bacae7201c85) Importer(2089858483,d624ce77472d68a35037170ec1d2d27e) (ScriptedImporter) -> (artifact id: '7ee24233227994bacfb6ae6452a18b0f') in 0.049786 seconds
Number of updated asset objects reloaded before import = 0Number of asset objects unloaded after import = 146

========================================================================
Received Import Request.
  Time since last request: 0.000023 seconds.
  path: Assets/StoneUI/Buttons_512x512/Rock_Yellow/button_rock_yellow14.png
  artifactKey: Guid(b35913d9386529f40adb4cc7a82b4a63) Importer(2089858483,d624ce77472d68a35037170ec1d2d27e)
Start importing Assets/StoneUI/Buttons_512x512/Rock_Yellow/button_rock_yellow14.png using Guid(b35913d9386529f40adb4cc7a82b4a63) Importer(2089858483,d624ce77472d68a35037170ec1d2d27e) (ScriptedImporter) -> (artifact id: '30509458fbcc2f9b86825b384567769b') in 0.0456514 seconds
Number of updated asset objects reloaded before import = 0Number of asset objects unloaded after import = 3

========================================================================
Received Import Request.
  Time since last request: 0.000026 seconds.
  path: Assets/PolyAngel-Mini Pirates Island/Models/Treasure chest 1.fbx
  artifactKey: Guid(e00f8f6d400624c0c8e44dc7fc8b4c2e) Importer(2089858483,d624ce77472d68a35037170ec1d2d27e)
Start importing Assets/PolyAngel-Mini Pirates Island/Models/Treasure chest 1.fbx using Guid(e00f8f6d400624c0c8e44dc7fc8b4c2e) Importer(2089858483,d624ce77472d68a35037170ec1d2d27e) (ScriptedImporter) -> (artifact id: '739269d7c5c0e6a2850b91640f005955') in 0.0327675 seconds
Number of updated asset objects reloaded before import = 0Number of asset objects unloaded after import = 14

========================================================================
Received Import Request.
  Time since last request: 0.000021 seconds.
  path: Assets/StoneUI/Samples/button_rock_red.png
  artifactKey: Guid(aaf74e449ff63e24ba578af30ddd1269) Importer(2089858483,d624ce77472d68a35037170ec1d2d27e)
Start importing Assets/StoneUI/Samples/button_rock_red.png using Guid(aaf74e449ff63e24ba578af30ddd1269) Importer(2089858483,d624ce77472d68a35037170ec1d2d27e) (ScriptedImporter) -> (artifact id: '152c46c9729ad75e17c2dd98c472be9e') in 0.0724977 seconds
Number of updated asset objects reloaded before import = 0Number of asset objects unloaded after import = 3

========================================================================
Received Import Request.
  Time since last request: 0.000032 seconds.
  path: Assets/PolyAngel-Mini Pirates Island/Prefabs/Ship(Red)02.prefab
  artifactKey: Guid(158c1bc3e5d6c46e19846a0ce95dbd51) Importer(2089858483,d624ce77472d68a35037170ec1d2d27e)
Start importing Assets/PolyAngel-Mini Pirates Island/Prefabs/Ship(Red)02.prefab using Guid(158c1bc3e5d6c46e19846a0ce95dbd51) Importer(2089858483,d624ce77472d68a35037170ec1d2d27e) (ScriptedImporter) -> (artifact id: '20cc4d7c20ddb8472b51393a31db49ff') in 0.0397162 seconds
Number of updated asset objects reloaded before import = 0Number of asset objects unloaded after import = 8

========================================================================
Received Import Request.
  Time since last request: 0.000037 seconds.
  path: Assets/DavePixel/PirateCoin HDRP/Materials/Gold.mat
  artifactKey: Guid(3d1c00990f90a5946be73339090928d3) Importer(2089858483,d624ce77472d68a35037170ec1d2d27e)
Start importing Assets/DavePixel/PirateCoin HDRP/Materials/Gold.mat using Guid(3d1c00990f90a5946be73339090928d3) Importer(2089858483,d624ce77472d68a35037170ec1d2d27e) (ScriptedImporter) -> (artifact id: '03537859019746f6ddda25260b6a5f07') in 0.0565408 seconds
Number of updated asset objects reloaded before import = 0Number of asset objects unloaded after import = 1

========================================================================
Received Import Request.
  Time since last request: 0.000038 seconds.
  path: Assets/Hovl Studio/Magic effects pack/Textures/TechCircle.png
  artifactKey: Guid(f49c2983d1fe900459a7d5e3d29317a3) Importer(2089858483,d624ce77472d68a35037170ec1d2d27e)
Start importing Assets/Hovl Studio/Magic effects pack/Textures/TechCircle.png using Guid(f49c2983d1fe900459a7d5e3d29317a3) Importer(2089858483,d624ce77472d68a35037170ec1d2d27e) (ScriptedImporter) -> (artifact id: 'a8f1529779cfbf40381a1fad3e679a2d') in 0.0446403 seconds
Number of updated asset objects reloaded before import = 0Number of asset objects unloaded after import = 1

========================================================================
Received Import Request.
  Time since last request: 0.000026 seconds.
  path: Assets/Hovl Studio/Magic effects pack/Prefabs/Portals/Portal green.prefab
  artifactKey: Guid(13c990b8270c70b4c9f196019286028c) Importer(2089858483,d624ce77472d68a35037170ec1d2d27e)
Start importing Assets/Hovl Studio/Magic effects pack/Prefabs/Portals/Portal green.prefab using Guid(13c990b8270c70b4c9f196019286028c) Importer(2089858483,d624ce77472d68a35037170ec1d2d27e) (ScriptedImporter) -> (artifact id: 'b24283bb71d63bc55361fceba99c7466') in 0.0636317 seconds
Number of updated asset objects reloaded before import = 0Number of asset objects unloaded after import = 18

========================================================================
Received Import Request.
  Time since last request: 0.000028 seconds.
  path: Assets/Hovl Studio/Magic effects pack/Prefabs/Magic circles/Magic circle.prefab
  artifactKey: Guid(a2a060732547fe64581bb0cb3c2bdf1d) Importer(2089858483,d624ce77472d68a35037170ec1d2d27e)
Start importing Assets/Hovl Studio/Magic effects pack/Prefabs/Magic circles/Magic circle.prefab using Guid(a2a060732547fe64581bb0cb3c2bdf1d) Importer(2089858483,d624ce77472d68a35037170ec1d2d27e) (ScriptedImporter) -> (artifact id: '5082355c3787616c5f4577e27befc996') in 0.087656 seconds
Number of updated asset objects reloaded before import = 0Number of asset objects unloaded after import = 28

========================================================================
Received Import Request.
  Time since last request: 0.000023 seconds.
  path: Assets/Pirate Music Album - 050418/mp3 - 320kbps/1. To The Sea.mp3
  artifactKey: Guid(9bb1a0a4898605f4bbf4f75a4d28d258) Importer(2089858483,d624ce77472d68a35037170ec1d2d27e)
Start importing Assets/Pirate Music Album - 050418/mp3 - 320kbps/1. To The Sea.mp3 using Guid(9bb1a0a4898605f4bbf4f75a4d28d258) Importer(2089858483,d624ce77472d68a35037170ec1d2d27e) (ScriptedImporter) -> (artifact id: '85a9c70e3ba6d678e7672fe70129c3fc') in 0.900552 seconds
Number of updated asset objects reloaded before import = 0Number of asset objects unloaded after import = 1

========================================================================
Received Import Request.
  Time since last request: 0.000028 seconds.
  path: Assets/Unity UI Samples/Scripts/PanelManager.cs
  artifactKey: Guid(b8960321e10f80b4c844cd91bf1ea437) Importer(2089858483,d624ce77472d68a35037170ec1d2d27e)
Start importing Assets/Unity UI Samples/Scripts/PanelManager.cs using Guid(b8960321e10f80b4c844cd91bf1ea437) Importer(2089858483,d624ce77472d68a35037170ec1d2d27e) (ScriptedImporter) -> (artifact id: '03856e08d372824a809031cfdf45cec0') in 0.0195047 seconds
Number of updated asset objects reloaded before import = 0Number of asset objects unloaded after import = 0

========================================================================
Received Import Request.
  Time since last request: 0.000103 seconds.
  path: Assets/DavePixel/PirateCoin HDRP/Prefabs/PirateCoin.prefab
  artifactKey: Guid(25cb4f9745fb8654c812036d1fee8920) Importer(2089858483,d624ce77472d68a35037170ec1d2d27e)
Start importing Assets/DavePixel/PirateCoin HDRP/Prefabs/PirateCoin.prefab using Guid(25cb4f9745fb8654c812036d1fee8920) Importer(2089858483,d624ce77472d68a35037170ec1d2d27e) (ScriptedImporter) -> (artifact id: '839c18ca523f5f2d6eb1044eca68f89e') in 0.1774483 seconds
Number of updated asset objects reloaded before import = 0Number of asset objects unloaded after import = 9

========================================================================
Received Import Request.
  Time since last request: 0.000030 seconds.
  path: Assets/StoneUI/OtherUI_2-1K/button_rock_Play4.png
  artifactKey: Guid(405bd2c7f1d5e87418d4d822bb9c4659) Importer(2089858483,d624ce77472d68a35037170ec1d2d27e)
Start importing Assets/StoneUI/OtherUI_2-1K/button_rock_Play4.png using Guid(405bd2c7f1d5e87418d4d822bb9c4659) Importer(2089858483,d624ce77472d68a35037170ec1d2d27e) (ScriptedImporter) -> (artifact id: '6a483cf8c50f02ceeacdb16cb8e25955') in 0.1659587 seconds
Number of updated asset objects reloaded before import = 0Number of asset objects unloaded after import = 38

========================================================================
Received Import Request.
  Time since last request: 0.000036 seconds.
  path: Assets/StoneUI/Buttons_512x512/Moss_Green/button_moss_green12.png
  artifactKey: Guid(4ea1a3fa55fb9f840ad9c7d6826cdc93) Importer(2089858483,d624ce77472d68a35037170ec1d2d27e)
Start importing Assets/StoneUI/Buttons_512x512/Moss_Green/button_moss_green12.png using Guid(4ea1a3fa55fb9f840ad9c7d6826cdc93) Importer(2089858483,d624ce77472d68a35037170ec1d2d27e) (ScriptedImporter) -> (artifact id: '0bc9977920f6c8fd650d52e196634c71') in 0.0517126 seconds
Number of updated asset objects reloaded before import = 0Number of asset objects unloaded after import = 3

========================================================================
Received Import Request.
  Time since last request: 0.000049 seconds.
  path: Assets/Scenes/CatBorg Studio/3D Pirates Lowpoly Pack/Models/00_Island_3.fbx
  artifactKey: Guid(32f383f06f55662488a8b6ffb65c0795) Importer(2089858483,d624ce77472d68a35037170ec1d2d27e)
Start importing Assets/Scenes/CatBorg Studio/3D Pirates Lowpoly Pack/Models/00_Island_3.fbx using Guid(32f383f06f55662488a8b6ffb65c0795) Importer(2089858483,d624ce77472d68a35037170ec1d2d27e) (ScriptedImporter) -> (artifact id: 'b45efa32e5eaa14dc9017e9d4d23304e') in 0.0431672 seconds
Number of updated asset objects reloaded before import = 0Number of asset objects unloaded after import = 13

========================================================================
Received Import Request.
  Time since last request: 0.000026 seconds.
  path: Assets/Makaka Games/Mobile Game Icon Pack/Sprites/64x64/button_score_800.png
  artifactKey: Guid(0ef897af7dc594531af2cbbfe9bbcdda) Importer(2089858483,d624ce77472d68a35037170ec1d2d27e)
Start importing Assets/Makaka Games/Mobile Game Icon Pack/Sprites/64x64/button_score_800.png using Guid(0ef897af7dc594531af2cbbfe9bbcdda) Importer(2089858483,d624ce77472d68a35037170ec1d2d27e) (ScriptedImporter) -> (artifact id: 'cd93a1772d5fe7c0b19d402367eccc72') in 0.0519681 seconds
Number of updated asset objects reloaded before import = 0Number of asset objects unloaded after import = 3

